id,frequency,amplitude,num
1030,5,967.195562457059,2485
1030,5.05,982.8368287538624,2485
1030,5.1,997.9725247224621,2485
1030,5.1499999999999995,1011.5076318472352,2485
1030,5.199999999999999,1022.3003222493701,2485
1030,5.249999999999999,1029.1238950484337,2485
1030,5.299999999999999,1030.6850797930372,2485
1030,5.349999999999999,1025.7064338929558,2485
1030,5.399999999999999,1013.0654148880645,2485
1030,5.449999999999998,991.9691234322748,2485
1030,5.499999999999998,962.1340116477038,2485
1030,5.549999999999998,923.9352503437544,2485
1030,5.599999999999998,878.491526484263,2485
1030,5.649999999999998,827.6582479443348,2485
1030,5.6999999999999975,773.9156174675168,2485
1030,5.749999999999997,720.1567336189285,2485
1030,5.799999999999997,669.401554835404,2485
1030,5.849999999999997,624.4799495748381,2485
1030,5.899999999999997,587.7355265546269,2485
1030,5.949999999999997,560.7981217824422,2485
1030,5.9999999999999964,544.4575046624625,2485
1030,6.049999999999996,538.6488670730138,2485
1030,6.099999999999996,542.5386247287402,2485
1030,6.149999999999996,554.6826372297772,2485
1030,6.199999999999996,573.2209717037153,2485
1030,6.249999999999996,596.0737157828044,2485
1030,6.299999999999995,621.1092178523807,2485
1030,6.349999999999995,646.2670884068491,2485
1030,6.399999999999995,669.6310443738676,2485
1030,6.449999999999995,689.4590679581263,2485
1030,6.499999999999995,704.188237316719,2485
1030,6.5499999999999945,712.43697777286,2485
1030,6.599999999999994,713.0270393662184,2485
1030,6.649999999999994,705.0410650777665,2485
1030,6.699999999999994,687.9203799834395,2485
1030,6.749999999999994,661.5939517462813,2485
1030,6.799999999999994,626.616367643503,2485
1030,6.849999999999993,584.2833360154448,2485
1030,6.899999999999993,536.6904829720487,2485
1030,6.949999999999993,486.70684470197966,2485
1030,6.999999999999993,437.8483013687139,2485
1030,7.049999999999993,394.0556020013328,2485
1030,7.0999999999999925,359.4017058387038,2485
1030,7.149999999999992,337.7682507698343,2485
1030,7.199999999999992,332.5367578981742,2485
1030,7.249999999999992,346.33549984541594,2485
1030,7.299999999999992,380.8700238634881,2485
1030,7.349999999999992,436.8485167545783,2485
1030,7.3999999999999915,513.997076657807,2485
1030,7.449999999999991,611.1476434813786,2485
1030,7.499999999999991,726.3740646809136,2485
1030,7.549999999999991,857.1493936724872,2485
1030,7.599999999999991,1000.4993874108229,2485
1030,7.649999999999991,1153.1326860747733,2485
1030,7.69999999999999,1311.5367369213755,2485
1030,7.74999999999999,1472.0391965381677,2485
1030,7.79999999999999,1630.8456204802937,2485
1030,7.84999999999999,1784.0733879386582,2485
1030,7.89999999999999,1927.8065391220105,2485
1030,7.9499999999999895,2058.1946410297633,2485
1030,7.999999999999989,2171.610294369173,2485
1030,8.04999999999999,2264.8654368719667,2485
1030,8.09999999999999,2335.4689010305124,2485
1030,8.149999999999991,2381.890891782885,2485
1030,8.199999999999992,2403.78890753786,2485
1030,8.249999999999993,2402.148111649013,2485
1030,8.299999999999994,2379.298918198716,2485
1030,8.349999999999994,2338.7938926355,2485
1030,8.399999999999995,2285.150202889163,2485
1030,8.449999999999996,2223.486562329608,2485
1030,8.499999999999996,2159.0995200380953,2485
1030,8.549999999999997,2097.0303740448467,2485
1030,8.599999999999998,2041.6712762492439,2485
1030,8.649999999999999,1996.4497324065303,2485
1030,8.7,1963.617696739014,2485
1030,8.75,1944.1572177937842,2485
1030,8.8,1937.800607792547,2485
1030,8.850000000000001,1943.150427632229,2485
1030,8.900000000000002,1957.8743826609164,2485
1030,8.950000000000003,1978.9439702478908,2485
1030,9.000000000000004,2002.8846926777762,2485
1030,9.050000000000004,2026.0102073872317,2485
1030,9.100000000000005,2044.6218724875575,2485
1030,9.150000000000006,2055.166423896496,2485
1030,9.200000000000006,2054.355122339296,2485
1030,9.250000000000007,2039.255189497757,2485
1030,9.300000000000008,2007.3674147007787,2485
1030,9.350000000000009,1956.7025335141211,2485
1030,9.40000000000001,1885.8645513130762,2485
1030,9.45000000000001,1794.1433560108978,2485
1030,9.50000000000001,1681.6133941386493,2485
1030,9.550000000000011,1549.2309334190143,2485
1030,9.600000000000012,1398.9197454714072,2485
1030,9.650000000000013,1233.633495836223,2485
1030,9.700000000000014,1057.3821168105062,2485
1030,9.750000000000014,875.2087353160589,2485
1030,9.800000000000015,693.103863144375,2485
1030,9.850000000000016,517.8457525968282,2485
1030,9.900000000000016,356.76143610642794,2485
1030,9.950000000000017,217.4126451130329,2485
1030,10.000000000000018,107.22369545950069,2485
1030,10.050000000000018,33.081958375472645,2485
1030,10.10000000000002,0.9519655030468799,2485
1030,10.15000000000002,15.547894821864023,2485
1030,10.20000000000002,80.1041199425604,2485
1030,10.250000000000021,196.27019683218126,2485
1030,10.300000000000022,364.1380736719348,2485
1030,10.350000000000023,582.3897193097827,2485
1030,10.400000000000023,848.536813746063,2485
1030,10.450000000000024,1159.213253637581,2485
1030,10.500000000000025,1510.4768832595068,2485
1030,10.550000000000026,1898.0786795679355,2485
1030,10.600000000000026,2317.6646909420333,2485
1030,10.650000000000027,2764.8874280345935,2485
1030,10.700000000000028,3235.418198684959,2485
1030,10.750000000000028,3724.8687772544,2485
1030,10.80000000000003,4228.6478203948,2485
1030,10.85000000000003,4741.791916592647,2485
1030,10.90000000000003,5258.820151224125,2485
1030,10.950000000000031,5773.662050385273,2485
1030,11.000000000000032,6279.70025913206,2485
1030,11.050000000000033,6769.951372471328,2485
1030,11.100000000000033,7237.3828578151915,2485
1030,11.150000000000034,7675.334804084968,2485
1030,11.200000000000035,8077.987832986956,2485
1030,11.250000000000036,8440.799349706682,2485
1030,11.300000000000036,8760.82523389825,2485
1030,11.350000000000037,9036.8563913152,2485
1030,11.400000000000038,9269.328489218155,2485
1030,11.450000000000038,9460.003353089545,2485
1030,11.500000000000039,9611.463298720046,2485
1030,11.55000000000004,9726.4957003794,2485
1030,11.60000000000004,9807.466788545027,2485
1030,11.650000000000041,9855.787064274846,2485
1030,11.700000000000042,9871.555835163605,2485
1030,11.750000000000043,9853.442562536598,2485
1030,11.800000000000043,9798.823561883051,2485
1030,11.850000000000044,9704.150995238919,2485
1030,11.900000000000045,9565.494289406155,2485
1030,11.950000000000045,9379.168660386771,2485
1030,12.000000000000046,9142.355825402734,2485
1030,12.050000000000047,8853.629435513327,2485
1030,12.100000000000048,8513.319644394256,2485
1030,12.150000000000048,8123.681815513404,2485
1030,12.200000000000049,7688.866612605141,2485
1030,12.25000000000005,7214.716361367524,2485
1030,12.30000000000005,6708.43167726935,2485
1030,12.350000000000051,6178.161711107621,2485
1030,12.400000000000052,5632.571857924027,2485
1030,12.450000000000053,5080.436324469236,2485
1030,12.500000000000053,4530.291623437255,2485
1030,12.550000000000054,3990.1727279889897,2485
1030,12.600000000000055,3467.4380652472587,2485
1030,12.650000000000055,2968.674705586114,2485
1030,12.700000000000056,2499.6631660303633,2485
1030,12.750000000000057,2065.3742201076166,2485
1030,12.800000000000058,1669.9693549518433,2485
1030,12.850000000000058,1316.7822260360863,2485
1030,12.900000000000059,1008.2694099931517,2485
1030,12.95000000000006,745.9324651712577,2485
1030,13.00000000000006,530.2265308240893,2485
1030,13.050000000000061,360.4801536794131,2485
1030,13.100000000000062,234.8542508664384,2485
1030,13.150000000000063,150.36414959415114,2485
1030,13.200000000000063,102.9784286948414,2485
1030,13.250000000000064,87.7944759266621,2485
1030,13.300000000000065,99.27686020346626,2485
1030,13.350000000000065,131.53421890481576,2485
1030,13.400000000000066,178.60558701552935,2485
1030,13.450000000000067,234.72839909297576,2485
1030,13.500000000000068,294.5665830334386,2485
1030,13.550000000000068,353.38603176996327,2485
1030,13.600000000000069,407.17389228652974,2485
1030,13.65000000000007,452.7056416959713,2485
1030,13.70000000000007,487.56874389269706,2485
1030,13.750000000000071,510.15355181758065,2485
1030,13.800000000000072,519.6214364433276,2485
1030,13.850000000000072,515.8576598462416,2485
1030,13.900000000000073,499.4131861154803,2485
1030,13.950000000000074,471.4363363754001,2485
1030,14.000000000000075,433.59270682221825,2485
1030,14.050000000000075,387.97064018700473,2485
1030,14.100000000000076,336.970063195329,2485
1030,14.150000000000077,283.1746413336389,2485
1030,14.200000000000077,229.21055749483543,2485
1030,14.250000000000078,177.59904315193938,2485
1030,14.300000000000079,130.6130954656679,2485
1030,14.35000000000008,90.15061108189573,2485
1030,14.40000000000008,57.63575898287481,2485
1030,14.450000000000081,33.957656479020244,2485
1030,14.500000000000082,19.45081806460673,2485
1030,14.550000000000082,13.916460371996127,2485
1030,14.600000000000083,16.678813768604137,2485
1030,14.650000000000084,26.667161729779366,2485
1030,14.700000000000085,42.51295059646337,2485
1030,14.750000000000085,62.65192892741821,2485
1030,14.800000000000086,85.4233403864067,2485
1030,14.850000000000087,109.16091520404396,2485
1030,14.900000000000087,132.27301340068357,2485
1030,14.950000000000088,153.31121775982575,2485
1030,15.000000000000089,171.0277098129483,2485
1030,15.05000000000009,184.4219279920911,2485
1030,15.10000000000009,192.7765462412703,2485
1030,15.150000000000091,195.6820632242186,2485
1030,15.200000000000092,193.0486009830957,2485
1030,15.250000000000092,185.1031645767844,2485
1030,15.300000000000093,172.3708073520349,2485
1030,15.350000000000094,155.638966711515,2485
1030,15.400000000000095,135.90564158420204,2485
1030,15.450000000000095,114.31389118080284,2485
1030,15.500000000000096,92.07702138837226,2485
1030,15.550000000000097,70.40037279414422,2485
1030,15.600000000000097,50.40641872736776,2485
1030,15.650000000000098,33.06964145104822,2485
1030,15.700000000000099,19.166343858760687,2485
1030,15.7500000000001,9.242423745041101,2485
1030,15.8000000000001,3.599665448541247,2485
1030,15.850000000000101,2.2988475749161736,2485
1030,15.900000000000102,5.176390177180716,2485
1030,15.950000000000102,11.870607678783736,2485
1030,16.000000000000103,21.85385903505149,2485
1030,16.050000000000104,34.46773155726268,2485
1030,16.100000000000104,48.95947998383914,2485
1030,16.150000000000105,64.51889795308257,2485
1030,16.200000000000106,80.31536645548168,2485
1030,16.250000000000107,95.53490735269966,2485
1030,16.300000000000107,109.41673292929971,2485
1030,16.350000000000108,121.28820010562268,2485
1030,16.40000000000011,130.59647075313356,2485
1030,16.45000000000011,136.93475015496998,2485
1030,16.50000000000011,140.06086782858705,2485
1030,16.55000000000011,139.90624769580273,2485
1030,16.60000000000011,136.57398335966525,2485
1030,16.650000000000112,130.32571731602172,2485
1030,16.700000000000113,121.55818750635028,2485
1030,16.750000000000114,110.7714667956265,2485
1030,16.800000000000114,98.5318695594169,2485
1030,16.850000000000115,85.43303946921787,2485
1030,16.900000000000116,72.05873994704831,2485
1030,16.950000000000117,58.95033761366777,2485
1030,17.000000000000117,46.581025407536174,2485
1030,17.050000000000118,35.337703513798715,2485
1030,17.10000000000012,25.51038463611699,2485
1030,17.15000000000012,17.288232300518256,2485
1030,17.20000000000012,10.76098754047744,2485
1030,17.25000000000012,5.924572905570988,2485
1030,17.30000000000012,2.689958038223863,2485
1030,17.350000000000122,0.8947471482044256,2485
1030,17.400000000000123,0.3172319595040701,2485
1030,17.450000000000124,0.6927309537428717,2485
1030,17.500000000000124,1.7318823569288053,2485
1030,17.550000000000125,3.1402353074689686,2485
1030,17.600000000000126,4.638108414518775,2485
1030,17.650000000000126,5.979388631778277,2485
1030,17.700000000000127,6.9678305066809205,2485
1030,17.750000000000128,7.4695380274178245,2485
1030,17.80000000000013,7.42065963081407,2485
1030,17.85000000000013,6.8298400874772955,2485
1030,17.90000000000013,5.775554180432786,2485
1030,17.95000000000013,4.398985192035366,2485
1007,5,597.5828620494942,5665
1007,5.05,654.625720020352,5665
1007,5.1,693.3572012761717,5665
1007,5.1499999999999995,711.0167647434646,5665
1007,5.199999999999999,709.7878179047295,5665
1007,5.249999999999999,696.8609826164699,5665
1007,5.299999999999999,685.7499612096719,5665
1007,5.349999999999999,694.3327029378697,5665
1007,5.399999999999999,737.4041921018584,5665
1007,5.449999999999998,818.4673412679413,5665
1007,5.499999999999998,927.3498778414317,5665
1007,5.549999999999998,1045.3741259585636,5665
1007,5.599999999999998,1153.9578287023148,5665
1007,5.649999999999998,1240.0855230400805,5665
1007,5.6999999999999975,1296.149255280901,5665
1007,5.749999999999997,1318.7847798947755,5665
1007,5.799999999999997,1311.538015337267,5665
1007,5.849999999999997,1288.2135589422676,5665
1007,5.899999999999997,1269.1319640464867,5665
1007,5.949999999999997,1269.5943354208398,5665
1007,5.9999999999999964,1289.8161012207274,5665
1007,6.049999999999996,1315.2033497989264,5665
1007,6.099999999999996,1326.4506882989517,5665
1007,6.149999999999996,1310.498850629063,5665
1007,6.199999999999996,1264.0594221271497,5665
1007,6.249999999999996,1190.9921165288026,5665
1007,6.299999999999995,1101.0157141817645,5665
1007,6.349999999999995,1011.7765480112047,5665
1007,6.399999999999995,947.990242315623,5665
1007,6.449999999999995,932.8282259081946,5665
1007,6.499999999999995,976.1315129997613,5665
1007,6.5499999999999945,1068.6213188644497,5665
1007,6.599999999999994,1186.4990627343673,5665
1007,6.649999999999994,1302.6089388484158,5665
1007,6.699999999999994,1395.6531542202188,5665
1007,6.749999999999994,1452.9543265929,5665
1007,6.799999999999994,1470.9464497429992,5665
1007,6.849999999999993,1458.6345742057845,5665
1007,6.899999999999993,1440.6105641088368,5665
1007,6.949999999999993,1451.1563772482393,5665
1007,6.999999999999993,1518.7902231496328,5665
1007,7.049999999999993,1651.59115316392,5665
1007,7.0999999999999925,1834.0091261487091,5665
1007,7.149999999999992,2036.3019778143616,5665
1007,7.199999999999992,2227.667210144478,5665
1007,7.249999999999992,2383.2110799751235,5665
1007,7.299999999999992,2485.1168389443565,5665
1007,7.349999999999992,2526.5812378795863,5665
1007,7.3999999999999915,2520.6924660257678,5665
1007,7.449999999999991,2503.692408735095,5665
1007,7.499999999999991,2522.491700343414,5665
1007,7.549999999999991,2611.838374784062,5665
1007,7.599999999999991,2777.7045666839927,5665
1007,7.649999999999991,2998.048007744146,5665
1007,7.69999999999999,3236.9996136838595,5665
1007,7.74999999999999,3458.1961262847517,5665
1007,7.79999999999999,3628.609495357912,5665
1007,7.84999999999999,3719.4731557148652,5665
1007,7.89999999999999,3714.951953419806,5665
1007,7.9499999999999895,3625.3991774200526,5665
1007,7.999999999999989,3489.4803268074975,5665
1007,8.04999999999999,3357.294953478091,5665
1007,8.09999999999999,3265.694380132847,5665
1007,8.149999999999991,3224.0439143790686,5665
1007,8.199999999999992,3218.1398821761695,5665
1007,8.249999999999993,3224.033731939005,5665
1007,8.299999999999994,3217.6750767052463,5665
1007,8.349999999999994,3176.1292693282803,5665
1007,8.399999999999995,3078.5748797934125,5665
1007,8.449999999999996,2914.098608392893,5665
1007,8.499999999999996,2690.9826034311673,5665
1007,8.549999999999997,2436.2647943058137,5665
1007,8.599999999999998,2183.117091043287,5665
1007,8.649999999999999,1955.4300620444396,5665
1007,8.7,1760.819443523616,5665
1007,8.75,1595.0156125211452,5665
1007,8.8,1450.9178517317066,5665
1007,8.850000000000001,1323.9853134943205,5665
1007,8.900000000000002,1212.8064831136874,5665
1007,8.950000000000003,1119.7473413601608,5665
1007,9.000000000000004,1054.0496590030457,5665
1007,9.050000000000004,1032.9447572299403,5665
1007,9.100000000000005,1075.1777887460432,5665
1007,9.150000000000006,1188.4331937579395,5665
1007,9.200000000000006,1359.8973029887943,5665
1007,9.250000000000007,1558.4773253118453,5665
1007,9.300000000000008,1747.0747599273625,5665
1007,9.350000000000009,1894.8313244573765,5665
1007,9.40000000000001,1982.8397151030988,5665
1007,9.45000000000001,2005.879849142193,5665
1007,9.50000000000001,1973.9669514316984,5665
1007,9.550000000000011,1911.166673109558,5665
1007,9.600000000000012,1846.659224281806,5665
1007,9.650000000000013,1799.3364426580665,5665
1007,9.700000000000014,1765.3416772353762,5665
1007,9.750000000000014,1718.904680757607,5665
1007,9.800000000000015,1627.8588740406603,5665
1007,9.850000000000016,1474.0157741272428,5665
1007,9.900000000000016,1267.3981118613683,5665
1007,9.950000000000017,1051.8592433303434,5665
1007,10.000000000000018,905.0784185166717,5665
1007,10.050000000000018,932.3752670918805,5665
1007,10.10000000000002,1247.4704734970464,5665
1007,10.15000000000002,1933.4904298440658,5665
1007,10.20000000000002,2990.360297076071,5665
1007,10.250000000000021,4296.066261480962,5665
1007,10.300000000000022,5615.980872126137,5665
1007,10.350000000000023,6666.799881718369,5665
1007,10.400000000000023,7203.532627449609,5665
1007,10.450000000000024,7090.059792042475,5665
1007,10.500000000000025,6331.963021438287,5665
1007,10.550000000000026,5069.506199050614,5665
1007,10.600000000000026,3546.9893614427738,5665
1007,10.650000000000027,2084.5931389364923,5665
1007,10.700000000000028,1057.8336833008475,5665
1007,10.750000000000028,854.0742338596692,5665
1007,10.80000000000003,1777.6945472950551,5665
1007,10.85000000000003,3926.007537282793,5665
1007,10.90000000000003,7101.152728064312,5665
1007,10.950000000000031,10817.32710952159,5665
1007,11.000000000000032,14424.15484779728,5665
1007,11.050000000000033,17309.458610315574,5665
1007,11.100000000000033,19081.321969944594,5665
1007,11.150000000000034,19628.79206522167,5665
1007,11.200000000000035,19054.94523425676,5665
1007,11.250000000000036,17568.41199076675,5665
1007,11.300000000000036,15415.631932700433,5665
1007,11.350000000000037,12867.355824506205,5665
1007,11.400000000000038,10221.279584003481,5665
1007,11.450000000000038,7780.583514549546,5665
1007,11.500000000000039,5797.055964119138,5665
1007,11.55000000000004,4402.745210355474,5665
1007,11.60000000000004,3575.342235792341,5665
1007,11.650000000000041,3166.4537447639736,5665
1007,11.700000000000042,2975.77669834789,5665
1007,11.750000000000043,2825.9660911122905,5665
1007,11.800000000000043,2606.8671861728226,5665
1007,11.850000000000044,2286.3692343819207,5665
1007,11.900000000000045,1899.3040962803311,5665
1007,11.950000000000045,1524.0440740607532,5665
1007,12.000000000000046,1250.4999072695362,5665
1007,12.050000000000047,1143.8331231561506,5665
1007,12.100000000000048,1216.4265491562135,5665
1007,12.150000000000048,1423.364728662887,5665
1007,12.200000000000049,1683.4913769145767,5665
1007,12.25000000000005,1911.330788660198,5665
1007,12.30000000000005,2043.0181213763778,5665
1007,12.350000000000051,2049.6059728613395,5665
1007,12.400000000000052,1939.7767849194947,5665
1007,12.450000000000053,1755.2716817607488,5665
1007,12.500000000000053,1559.3714518616202,5665
1007,12.550000000000054,1417.5030429509038,5665
1007,12.600000000000055,1373.872013277981,5665
1007,12.650000000000055,1435.1248860806288,5665
1007,12.700000000000056,1570.775692174967,5665
1007,12.750000000000057,1728.8054861995943,5665
1007,12.800000000000058,1855.7316318976527,5665
1007,12.850000000000058,1911.8051899831044,5665
1007,12.900000000000059,1878.7285247323116,5665
1007,12.95000000000006,1761.6830863159485,5665
1007,13.00000000000006,1587.2424698162424,5665
1007,13.050000000000061,1396.241358664657,5665
1007,13.100000000000062,1230.6050451964652,5665
1007,13.150000000000063,1117.9166630484415,5665
1007,13.200000000000063,1062.040803588193,5665
1007,13.250000000000064,1045.2596208820753,5665
1007,13.300000000000065,1039.227736217906,5665
1007,13.350000000000065,1017.3954823887105,5665
1007,13.400000000000066,963.4414831485792,5665
1007,13.450000000000067,874.6086300069412,5665
1007,13.500000000000068,761.2652538364764,5665
1007,13.550000000000068,643.4517717446137,5665
1007,13.600000000000069,544.0771165302451,5665
1007,13.65000000000007,479.9448307060816,5665
1007,13.70000000000007,454.90999976287543,5665
1007,13.750000000000071,459.4423961252568,5665
1007,13.800000000000072,476.4936948992718,5665
1007,13.850000000000072,489.5365543120512,5665
1007,13.900000000000073,488.5944630022351,5665
1007,13.950000000000074,472.6471208208876,5665
1007,14.000000000000075,448.9439617791469,5665
1007,14.050000000000075,430.06813227300864,5665
1007,14.100000000000076,429.0289841247118,5665
1007,14.150000000000077,453.270405195767,5665
1007,14.200000000000077,500.2821595591723,5665
1007,14.250000000000078,557.7464738716408,5665
1007,14.300000000000079,608.4912704456995,5665
1007,14.35000000000008,637.5417638655414,5665
1007,14.40000000000008,637.9562064257029,5665
1007,14.450000000000081,613.5134749989926,5665
1007,14.500000000000082,577.9898391622538,5665
1007,14.550000000000082,551.5808442298573,5665
1007,14.600000000000083,554.9688147949141,5665
1007,14.650000000000084,601.9595213083225,5665
1007,14.700000000000085,693.2495252440098,5665
1007,14.750000000000085,814.6607210402303,5665
1007,14.800000000000086,941.000468441006,5665
1007,14.850000000000087,1043.4963282679244,5665
1007,14.900000000000087,1097.725877458837,5665
1007,14.950000000000088,1089.9494281894863,5665
1007,15.000000000000089,1020.8044042276797,5665
1007,15.05000000000009,905.8067986902047,5665
1007,15.10000000000009,772.1854664629985,5665
1007,15.150000000000091,651.7495168162279,5665
1007,15.200000000000092,571.0317894839368,5665
1007,15.250000000000092,542.5940149119398,5665
1007,15.300000000000093,561.8657994065926,5665
1007,15.350000000000094,610.5831201259678,5665
1007,15.400000000000095,664.1218299533164,5665
1007,15.450000000000095,699.2138385606897,5665
1007,15.500000000000096,699.9428081159563,5665
1007,15.550000000000097,661.2835414544909,5665
1007,15.600000000000097,589.9181725841,5665
1007,15.650000000000098,501.9341951305856,5665
1007,15.700000000000099,417.3028229395903,5665
1007,15.7500000000001,352.63212492859805,5665
1007,15.8000000000001,315.40437822772327,5665
1007,15.850000000000101,302.3663313292458,5665
1007,15.900000000000102,302.1405812862819,5665
1007,15.950000000000102,300.1594333225226,5665
1007,16.000000000000103,283.9010794750298,5665
1007,16.050000000000104,247.04610629427808,5665
1007,16.100000000000104,191.57743714211983,5665
1007,16.150000000000105,127.07191830411826,5665
1007,16.200000000000106,67.03482502764173,5665
1007,16.250000000000107,23.515508412101482,5665
1007,16.300000000000107,2.6216656662095588,5665
1007,16.350000000000108,3.175789284026201,5665
1007,16.40000000000011,18.529341667694016,5665
1007,16.45000000000011,39.71981342914648,5665
1007,16.50000000000011,58.275707803246945,5665
1007,16.55000000000011,68.16248299152342,5665
1007,16.60000000000011,67.04154065876688,5665
1007,16.650000000000112,56.75915638450067,5665
1007,16.700000000000113,42.551091998823445,5665
1007,16.750000000000114,30.77195949550798,5665
1007,16.800000000000114,26.043695996852055,5665
1007,16.850000000000115,29.406230218002392,5665
1007,16.900000000000116,38.399930214660266,5665
1007,16.950000000000117,48.682031366342606,5665
1007,17.000000000000117,56.11030610955999,5665
1007,17.050000000000118,58.465889489821386,5665
1007,17.10000000000012,56.42944867317568,5665
1007,17.15000000000012,53.575368191455226,5665
1007,17.20000000000012,55.17709207172189,5665
1007,17.25000000000012,65.99458138803165,5665
1007,17.30000000000012,87.96713098944002,5665
1007,17.350000000000122,119.0855645245443,5665
1007,17.400000000000123,154.02161429320023,5665
1007,17.450000000000124,185.95623876437924,5665
1007,17.500000000000124,208.5896876010149,5665
1007,17.550000000000125,217.68311330330795,5665
1007,17.600000000000126,211.99161303056405,5665
1007,17.650000000000126,193.60444914829807,5665
1007,17.700000000000127,167.54847141163464,5665
1007,17.750000000000128,140.4416035645266,5665
1007,17.80000000000013,118.39699674525312,5665
1007,17.85000000000013,105.05214284154246,5665
1007,17.90000000000013,100.71172238857224,5665
1007,17.95000000000013,102.8590921204228,5665
1021,5,54.431151265956906,3955
1021,5.05,62.89211841365242,3955
1021,5.1,66.17830722184502,3955
1021,5.1499999999999995,49.86041032544466,3955
1021,5.199999999999999,26.489191616993104,3955
1021,5.249999999999999,19.40830282768786,3955
1021,5.299999999999999,26.83992589586605,3955
1021,5.349999999999999,26.814608828352902,3955
1021,5.399999999999999,13.153078044822285,3955
1021,5.449999999999998,7.424546620066103,3955
1021,5.499999999999998,28.30643978142973,3955
1021,5.549999999999998,62.95293563360273,3955
1021,5.599999999999998,80.41224538863689,3955
1021,5.649999999999998,67.00706394251928,3955
1021,5.6999999999999975,38.65687380384058,3955
1021,5.749999999999997,15.013786758669724,3955
1021,5.799999999999997,3.9309543786102146,3955
1021,5.849999999999997,12.308900633584308,3955
1021,5.899999999999997,49.151723141800474,3955
1021,5.949999999999997,104.77633478366798,3955
1021,5.9999999999999964,139.9119773950459,3955
1021,6.049999999999996,119.58877577316134,3955
1021,6.099999999999996,56.4997370768797,3955
1021,6.149999999999996,6.185052605377376,3955
1021,6.199999999999996,6.683642244971449,3955
1021,6.249999999999996,36.75840117085719,3955
1021,6.299999999999995,47.27746273756358,3955
1021,6.349999999999995,24.380210252908515,3955
1021,6.399999999999995,3.3922971562442195,3955
1021,6.449999999999995,15.69984792338517,3955
1021,6.499999999999995,45.721458280438526,3955
1021,6.5499999999999945,53.171456183959066,3955
1021,6.599999999999994,28.771555225567415,3955
1021,6.649999999999994,7.334490358023586,3955
1021,6.699999999999994,19.346421806269333,3955
1021,6.749999999999994,50.32679254524467,3955
1021,6.799999999999994,60.83025552796677,3955
1021,6.849999999999993,39.90151226674057,3955
1021,6.899999999999993,23.544207007098482,3955
1021,6.949999999999993,49.337150629836366,3955
1021,6.999999999999993,103.728304624568,3955
1021,7.049999999999993,133.62739464956303,3955
1021,7.0999999999999925,106.0031175588293,3955
1021,7.149999999999992,45.15957257313668,3955
1021,7.199999999999992,7.843340907462133,3955
1021,7.249999999999992,22.890941523006454,3955
1021,7.299999999999992,63.63934187008523,3955
1021,7.349999999999992,83.02626333242424,3955
1021,7.3999999999999915,65.70209063703172,3955
1021,7.449999999999991,35.894224593939875,3955
1021,7.499999999999991,24.199063472527847,3955
1021,7.549999999999991,37.736363087622074,3955
1021,7.599999999999991,63.648527026187345,3955
1021,7.649999999999991,90.90096684523003,3955
1021,7.69999999999999,114.68792387910068,3955
1021,7.74999999999999,125.33649374103655,3955
1021,7.79999999999999,106.98694924368512,3955
1021,7.84999999999999,60.23349604244135,3955
1021,7.89999999999999,15.069642237535529,3955
1021,7.9499999999999895,1.3721978629610385,3955
1021,7.999999999999989,14.336766793063804,3955
1021,8.04999999999999,22.909178931626347,3955
1021,8.09999999999999,14.306543579966956,3955
1021,8.149999999999991,14.788437986321945,3955
1021,8.199999999999992,51.44395397502919,3955
1021,8.249999999999993,105.75991074296797,3955
1021,8.299999999999994,129.88885870598696,3955
1021,8.349999999999994,104.95847592446869,3955
1021,8.399999999999995,63.40672171011022,3955
1021,8.449999999999996,47.34995262464289,3955
1021,8.499999999999996,55.306948379327146,3955
1021,8.549999999999997,54.54472259517847,3955
1021,8.599999999999998,37.616360117074116,3955
1021,8.649999999999999,31.80309292501307,3955
1021,8.7,49.72215053808763,3955
1021,8.75,62.49530877282965,3955
1021,8.8,40.88149397493527,3955
1021,8.850000000000001,7.3006919672356085,3955
1021,8.900000000000002,15.389003765082094,3955
1021,8.950000000000003,71.47156107610206,3955
1021,9.000000000000004,114.17839045271876,3955
1021,9.050000000000004,88.65009825540098,3955
1021,9.100000000000005,23.23959168203813,3955
1021,9.150000000000006,3.059539921956386,3955
1021,9.200000000000006,65.70652932538252,3955
1021,9.250000000000007,156.73686072713204,3955
1021,9.300000000000008,194.4589119638984,3955
1021,9.350000000000009,165.05702043234697,3955
1021,9.40000000000001,127.16106627698449,3955
1021,9.45000000000001,129.5937997004599,3955
1021,9.50000000000001,158.37865217878948,3955
1021,9.550000000000011,162.92568159542273,3955
1021,9.600000000000012,126.08666170969748,3955
1021,9.650000000000013,85.46429041772382,3955
1021,9.700000000000014,77.02643787313635,3955
1021,9.750000000000014,88.84107960618094,3955
1021,9.800000000000015,82.16688519615509,3955
1021,9.850000000000016,48.34826247881965,3955
1021,9.900000000000016,27.025883748536586,3955
1021,9.950000000000017,53.83352655796637,3955
1021,10.000000000000018,117.4471407298988,3955
1021,10.050000000000018,197.33275232105777,3955
1021,10.10000000000002,323.1863785866541,3955
1021,10.15000000000002,534.5290275599245,3955
1021,10.20000000000002,772.7124437289474,3955
1021,10.250000000000021,873.7441372505388,3955
1021,10.300000000000022,716.8673036157887,3955
1021,10.350000000000023,399.9776986658829,3955
1021,10.400000000000023,162.21354685388707,3955
1021,10.450000000000024,109.27573324134431,3955
1021,10.500000000000025,151.2055265291848,3955
1021,10.550000000000026,221.3753649816918,3955
1021,10.600000000000026,460.90795017689595,3955
1021,10.650000000000027,1000.9972078676035,3955
1021,10.700000000000028,1598.0312660772875,3955
1021,10.750000000000028,1750.5675812307325,3955
1021,10.80000000000003,1244.1117400684434,3955
1021,10.85000000000003,482.8105220016837,3955
1021,10.90000000000003,65.34104739009196,3955
1021,10.950000000000031,102.16107182360847,3955
1021,11.000000000000032,311.8015951306912,3955
1021,11.050000000000033,801.2938035631876,3955
1021,11.100000000000033,2261.0104140602507,3955
1021,11.150000000000034,4921.486683979143,3955
1021,11.200000000000035,7595.580571640551,3955
1021,11.250000000000036,8284.264148532277,3955
1021,11.300000000000036,6137.201523583154,3955
1021,11.350000000000037,2710.872328315495,3955
1021,11.400000000000038,515.2221650221127,3955
1021,11.450000000000038,449.2175611838587,3955
1021,11.500000000000039,1237.7858148066302,3955
1021,11.55000000000004,1256.8625374541152,3955
1021,11.60000000000004,455.68415955656985,3955
1021,11.650000000000041,46.72989612156789,3955
1021,11.700000000000042,630.5975376583086,3955
1021,11.750000000000043,1367.7485444090707,3955
1021,11.800000000000043,1227.9164698365641,3955
1021,11.850000000000044,479.09390746269037,3955
1021,11.900000000000045,339.36862240025596,3955
1021,11.950000000000045,1351.0185820982495,3955
1021,12.000000000000046,2604.5358805933306,3955
1021,12.050000000000047,2847.980033419939,3955
1021,12.100000000000048,1921.1330227956078,3955
1021,12.150000000000048,721.7328914706821,3955
1021,12.200000000000049,85.32886568922444,3955
1021,12.25000000000005,26.99646806146182,3955
1021,12.30000000000005,114.45041747567475,3955
1021,12.350000000000051,177.1133037453811,3955
1021,12.400000000000052,340.93730260036614,3955
1021,12.450000000000053,586.3083559757092,3955
1021,12.500000000000053,648.8497050940662,3955
1021,12.550000000000054,410.22394537737557,3955
1021,12.600000000000055,118.75178392798301,3955
1021,12.650000000000055,98.57310860149694,3955
1021,12.700000000000056,351.1935725348007,3955
1021,12.750000000000057,598.8900371553824,3955
1021,12.800000000000058,638.2604588729216,3955
1021,12.850000000000058,509.844260367044,3955
1021,12.900000000000059,351.5774882238099,3955
1021,12.95000000000006,212.7608061784798,3955
1021,13.00000000000006,89.45569098963006,3955
1021,13.050000000000061,16.046804728840115,3955
1021,13.100000000000062,23.351136204999023,3955
1021,13.150000000000063,67.37385439098563,3955
1021,13.200000000000063,91.46298776428762,3955
1021,13.250000000000064,137.89070808832753,3955
1021,13.300000000000065,301.96900793210176,3955
1021,13.350000000000065,555.7192241248613,3955
1021,13.400000000000066,703.6728926846546,3955
1021,13.450000000000067,591.4064626365516,3955
1021,13.500000000000068,299.5900505263554,3955
1021,13.550000000000068,62.507424293375166,3955
1021,13.600000000000069,9.406109910338124,3955
1021,13.65000000000007,56.105638554524546,3955
1021,13.70000000000007,63.864212633228405,3955
1021,13.750000000000071,25.439724940761245,3955
1021,13.800000000000072,39.84625908239612,3955
1021,13.850000000000072,139.74199670596633,3955
1021,13.900000000000073,231.00477670378305,3955
1021,13.950000000000074,213.01046620049357,3955
1021,14.000000000000075,109.60616668010218,3955
1021,14.050000000000075,38.21422354554399,3955
1021,14.100000000000076,64.50096157734976,3955
1021,14.150000000000077,142.84409328782195,3955
1021,14.200000000000077,190.87465961602132,3955
1021,14.250000000000078,184.84415897948304,3955
1021,14.300000000000079,160.9211685814892,3955
1021,14.35000000000008,141.33483744299443,3955
1021,14.40000000000008,108.67473244361156,3955
1021,14.450000000000081,52.99824652051293,3955
1021,14.500000000000082,8.611520023908794,3955
1021,14.550000000000082,22.334302985731924,3955
1021,14.600000000000083,89.08815379246552,3955
1021,14.650000000000084,147.7030033576022,3955
1021,14.700000000000085,145.56463908524938,3955
1021,14.750000000000085,91.09392637297515,3955
1021,14.800000000000086,35.277914446811124,3955
1021,14.850000000000087,9.771040082875597,3955
1021,14.900000000000087,5.363894312824346,3955
1021,14.950000000000088,5.508549013136527,3955
1021,15.000000000000089,14.170650400787219,3955
1021,15.05000000000009,40.20021816360075,3955
1021,15.10000000000009,69.37556641048884,3955
1021,15.150000000000091,74.30751560492986,3955
1021,15.200000000000092,49.14003839957708,3955
1021,15.250000000000092,17.171322265656293,3955
1021,15.300000000000093,1.6668281700175407,3955
1021,15.350000000000094,1.4143875284542935,3955
1021,15.400000000000095,2.0325529212086675,3955
1021,15.450000000000095,0.5847474664256335,3955
1021,15.500000000000096,6.471355055451014,3955
1021,15.550000000000097,23.501646678877584,3955
1021,15.600000000000097,43.92238461501327,3955
1021,15.650000000000098,59.85770350238782,3955
1021,15.700000000000099,68.49285390249274,3955
1021,15.7500000000001,66.26115217861413,3955
1021,15.8000000000001,49.04418052849089,3955
1021,15.850000000000101,22.75605459047648,3955
1021,15.900000000000102,5.4439145502070385,3955
1021,15.950000000000102,7.982011996546218,3955
1021,16.000000000000103,19.864511771428678,3955
1021,16.050000000000104,23.445013957085223,3955
1021,16.100000000000104,16.219048177872242,3955
1021,16.150000000000105,8.541783495124083,3955
1021,16.200000000000106,4.639390183177505,3955
1021,16.250000000000107,1.19486706680411,3955
1021,16.300000000000107,3.9583926473695112,3955
1021,16.350000000000108,26.314803420436427,3955
1021,16.40000000000011,61.95784912976641,3955
1021,16.45000000000011,77.77581503908753,3955
1021,16.50000000000011,52.511107621812016,3955
1021,16.55000000000011,13.32769498274571,3955
1021,16.60000000000011,8.405202296709696,3955
1021,16.650000000000112,43.796955707045136,3955
1021,16.700000000000113,74.62513678299455,3955
1021,16.750000000000114,66.81201735123213,3955
1021,16.800000000000114,43.257708165729326,3955
1021,16.850000000000115,44.33937106759623,3955
1021,16.900000000000116,61.697909266414236,3955
1021,16.950000000000117,52.31103894384223,3955
1021,17.000000000000117,14.226736045371428,3955
1021,17.050000000000118,6.283166864372087,3955
1021,17.10000000000012,68.79852217484778,3955
1021,17.15000000000012,151.27514063979214,3955
1021,17.20000000000012,164.35594469716668,3955
1021,17.25000000000012,94.81353094735911,3955
1021,17.30000000000012,29.662857919107694,3955
1021,17.350000000000122,50.98748174612527,3955
1021,17.400000000000123,131.85382235149396,3955
1021,17.450000000000124,172.89266785123368,3955
1021,17.500000000000124,124.89822317819,3955
1021,17.550000000000125,40.50861656247185,3955
1021,17.600000000000126,1.4788780284377414,3955
1021,17.650000000000126,23.21119191899426,3955
1021,17.700000000000127,54.793040849005855,3955
1021,17.750000000000128,52.4904536326698,3955
1021,17.80000000000013,24.787710573012276,3955
1021,17.85000000000013,5.336151260458329,3955
1021,17.90000000000013,7.0434360259407995,3955
1021,17.95000000000013,16.58288697869496,3955
1008,5,29.93919374826137,311
1008,5.05,29.84498492974877,311
1008,5.1,29.7734092018321,311
1008,5.1499999999999995,29.725684767421686,311
1008,5.199999999999999,29.702975883979146,311
1008,5.249999999999999,29.7064299837391,311
1008,5.299999999999999,29.737209152863258,311
1008,5.349999999999999,29.796515431309285,311
1008,5.399999999999999,29.885609591713507,311
1008,5.449999999999998,30.005823279341584,311
1008,5.499999999999998,30.15856463351945,311
1008,5.549999999999998,30.345317742519597,311
1008,5.599999999999998,30.567636482957,311
1008,5.649999999999998,30.827133437000164,311
1008,5.6999999999999975,31.125464648379282,311
1008,5.749999999999997,31.46431096431005,311
1008,5.799999999999997,31.84535662041028,311
1008,5.849999999999997,32.27026557638335,311
1008,5.899999999999997,32.740655927342466,311
1008,5.949999999999997,33.258072529100204,311
1008,5.9999999999999964,33.823957815808875,311
1008,6.049999999999996,34.4396206815115,311
1008,6.099999999999996,35.106203263996676,311
1008,6.149999999999996,35.82464552293703,311
1008,6.199999999999996,36.59564765012622,311
1008,6.249999999999996,37.41963058563455,311
1008,6.299999999999995,38.29669523059209,311
1008,6.349999999999995,39.22658132828884,311
1008,6.399999999999995,40.20862740601445,311
1008,6.449999999999995,41.24173359770843,311
1008,6.499999999999995,42.32432956101438,311
1008,6.5499999999999945,43.45435001291996,311
1008,6.599999999999994,44.62922058188539,311
1008,6.649999999999994,45.84585665649369,311
1008,6.699999999999994,47.100677652656444,311
1008,6.749999999999994,48.3896385894799,311
1008,6.799999999999994,49.70828004868348,311
1008,6.849999999999993,51.051796517687364,311
1008,6.899999999999993,52.41512184467039,311
1008,6.949999999999993,53.793029166334065,311
1008,6.999999999999993,55.18024133933537,311
1008,7.049999999999993,56.57154676529346,311
1008,7.0999999999999925,57.96191469521287,311
1008,7.149999999999992,59.34660375372268,311
1008,7.199999999999992,60.72125761036976,311
1008,7.249999999999992,62.08198245433773,311
1008,7.299999999999992,63.42540214226813,311
1008,7.349999999999992,64.74868846705209,311
1008,7.3999999999999915,66.04956577656056,311
1008,7.449999999999991,67.32629097545043,311
1008,7.499999999999991,68.57761160026504,311
1008,7.549999999999991,69.80270603014307,311
1008,7.599999999999991,71.00111089262738,311
1008,7.649999999999991,72.17264130900233,311
1008,7.69999999999999,73.31730980748281,311
1008,7.74999999999999,74.4352495631431,311
1008,7.79999999999999,75.52664716978518,311
1008,7.84999999999999,76.59168948553044,311
1008,7.89999999999999,77.63052828819478,311
1008,7.9499999999999895,78.64326557971316,311
1008,7.999999999999989,79.62996142338912,311
1008,8.04999999999999,80.59066519781418,311
1008,8.09999999999999,81.5254701087966,311
1008,8.149999999999991,82.43458971283478,311
1008,8.199999999999992,83.31845407407411,311
1008,8.249999999999993,84.17782201586053,311
1008,8.299999999999994,85.01390477252397,311
1008,8.349999999999994,85.8284952545149,311
1008,8.399999999999995,86.62409619114041,311
1008,8.449999999999996,87.40403970697518,311
1008,8.499999999999996,88.17259052338844,311
1008,8.549999999999997,88.93502504873945,311
1008,8.599999999999998,89.69767919549142,311
1008,8.649999999999999,90.46795886205716,311
1008,8.7,91.25430860732854,311
1008,8.75,92.06613603154489,311
1008,8.8,92.91369160775602,311
1008,8.850000000000001,93.80790599303576,311
1008,8.900000000000002,94.76018898165718,311
1008,8.950000000000003,95.7821960507766,311
1008,9.000000000000004,96.88556974155958,311
1008,9.050000000000004,98.08166382740289,311
1008,9.100000000000005,99.38125833392999,311
1008,9.150000000000006,100.79427305552178,311
1008,9.200000000000006,102.32948638586589,311
1008,9.250000000000007,103.99426521246339,311
1008,9.300000000000008,105.79431050009195,311
1008,9.350000000000009,107.73342217887578,311
1008,9.40000000000001,109.81328620002131,311
1008,9.45000000000001,112.03328622006971,311
1008,9.50000000000001,114.3903423604118,311
1008,9.550000000000011,116.8787798429231,311
1008,9.600000000000012,119.49023095082376,311
1008,9.650000000000013,122.21357458625138,311
1008,9.700000000000014,125.03491853681713,311
1008,9.750000000000014,127.93763024432607,311
1008,9.800000000000015,130.90242220370249,311
1008,9.850000000000016,133.90749793204395,311
1008,9.900000000000016,136.92876358757138,311
1008,9.950000000000017,139.94010868577777,311
1008,10.000000000000018,142.9137569230557,311
1008,10.050000000000018,145.82068493090654,311
1008,10.10000000000002,148.6311029977369,311
1008,10.15000000000002,151.31498766044803,311
1008,10.20000000000002,153.84265192117036,311
1008,10.250000000000021,156.18533508210984,311
1008,10.300000000000022,158.3157912286262,311
1008,10.350000000000023,160.20885360962484,311
1008,10.400000000000023,161.84195186022387,311
1008,10.450000000000024,163.19556034376183,311
1008,10.500000000000025,164.25355884861702,311
1008,10.550000000000026,165.0034912707316,311
1008,10.600000000000026,165.43671339272512,311
1008,10.650000000000027,165.5484269603116,311
1008,10.700000000000028,165.3376034204433,311
1008,10.750000000000028,164.80680639323722,311
1008,10.80000000000003,163.9619267433824,311
1008,10.85000000000003,162.81184766075523,311
1008,10.90000000000003,161.36805927044455,311
1008,10.950000000000031,159.64424294329035,311
1008,11.000000000000032,157.65584478353202,311
1008,11.050000000000033,155.41965595290603,311
1008,11.100000000000033,152.95341483987266,311
1008,11.150000000000034,150.27544291227733,311
1008,11.200000000000035,147.40432270338223,311
1008,11.250000000000036,144.35862303720415,311
1008,11.300000000000036,141.15667350607424,311
1008,11.350000000000037,137.8163875171,311
1008,11.400000000000038,134.35513101202122,311
1008,11.450000000000038,130.78963227436168,311
1008,11.500000000000039,127.13592706724572,311
1008,11.55000000000004,123.40933266669354,311
1008,11.60000000000004,119.62444412228581,311
1008,11.650000000000041,115.79514623483038,311
1008,11.700000000000042,111.93463522780972,311
1008,11.750000000000043,108.05544484306213,311
1008,11.800000000000043,104.16947254508563,311
1008,11.850000000000044,100.28800260469592,311
1008,11.900000000000045,96.42172398066327,311
1008,11.950000000000045,92.58074205532571,311
1008,12.000000000000046,88.77458433616559,311
1008,12.050000000000047,85.01220114402096,311
1008,12.100000000000048,81.3019630142098,311
1008,12.150000000000048,77.65165699890753,311
1008,12.200000000000049,74.06848425656491,311
1008,12.25000000000005,70.55906124815921,311
1008,12.30000000000005,67.12942655376992,311
1008,12.350000000000051,63.78505481914546,311
1008,12.400000000000052,60.53087869769179,311
1008,12.450000000000053,57.3713189338564,311
1008,12.500000000000053,54.310322005070944,311
1008,12.550000000000054,51.351404061595716,311
1008,12.600000000000055,48.49769932615717,311
1008,12.650000000000055,45.75201067414886,311
1008,12.700000000000056,43.11685983156884,311
1008,12.750000000000057,40.59453450974566,311
1008,12.800000000000058,38.18712984024256,311
1008,12.850000000000058,35.896581668991196,311
1008,12.900000000000059,33.72468959997988,311
1008,12.95000000000006,31.673128127098593,311
1008,13.00000000000006,29.743444738604374,311
1008,13.050000000000061,27.937044501763555,311
1008,13.100000000000062,26.255161313991735,311
1008,13.150000000000063,24.698816717277797,311
1008,13.200000000000063,23.26876788693378,311
1008,13.250000000000064,21.965447091396854,311
1008,13.300000000000065,20.788895539460103,311
1008,13.350000000000065,19.738695043925418,311
1008,13.400000000000066,18.813901294101488,311
1008,13.450000000000067,18.012982704188005,311
1008,13.500000000000068,17.33376875867869,311
1008,13.550000000000068,16.773411490294322,311
1008,13.600000000000069,16.32836319912208,311
1008,13.65000000000007,15.994372772715685,311
1008,13.70000000000007,15.766502036597979,311
1008,13.750000000000071,15.63916251327744,311
1008,13.800000000000072,15.60617187057338,311
1008,13.850000000000072,15.660828279266472,311
1008,13.900000000000073,15.795999956885419,311
1008,13.950000000000074,16.004226419547997,311
1008,14.000000000000075,16.277827449635208,311
1008,14.050000000000075,16.609015542779193,311
1008,14.100000000000076,16.99000762637838,311
1008,14.150000000000077,17.413132122530097,311
1008,14.200000000000077,17.87092791919857,311
1008,14.250000000000078,18.35623245920778,311
1008,14.300000000000079,18.862256894783194,311
1008,14.35000000000008,19.382647024108802,311
1008,14.40000000000008,19.911529470230374,311
1008,14.450000000000081,20.44354323703118,311
1008,14.500000000000082,20.973857350578932,311
1008,14.550000000000082,21.49817574889984,311
1008,14.600000000000083,22.012730913919853,311
1008,14.650000000000084,22.514267950583008,311
1008,14.700000000000085,23.000020922328744,311
1008,14.750000000000085,23.467683265823165,311
1008,14.800000000000086,23.915374049700667,311
1008,14.850000000000087,24.34160173037972,311
1008,14.900000000000087,24.745226909199655,311
1008,14.950000000000088,25.12542542301223,311
1008,15.000000000000089,25.481652915538334,311
1008,15.05000000000009,25.813611847165305,311
1008,15.10000000000009,26.1212217115635,311
1008,15.150000000000091,26.404593042071753,311
1008,15.200000000000092,26.664005611443912,311
1008,15.250000000000092,26.89989105699164,311
1008,15.300000000000093,27.11282000104097,311
1008,15.350000000000094,27.30349358569562,311
1008,15.400000000000095,27.4727392032616,311
1008,15.450000000000095,27.621510081364228,311
1008,15.500000000000096,27.750888276696006,311
1008,15.550000000000097,27.86209054487305,311
1008,15.600000000000097,27.95647648649961,311
1008,15.650000000000098,28.035558320831278,311
1008,15.700000000000099,28.101011606853657,311
1008,15.7500000000001,28.154686214789848,311
1008,15.8000000000001,28.198616846145008,311
1008,15.850000000000101,28.235032404486407,311
1008,15.900000000000102,28.266363529771244,311
1008,15.950000000000102,28.29524762471792,311
1008,16.000000000000103,28.324530722328387,311
1008,16.050000000000104,28.357265570688725,311
1008,16.100000000000104,28.396705347725895,311
1008,16.150000000000105,28.446292469093862,311
1008,16.200000000000106,28.50964202233463,311
1008,16.250000000000107,28.59051945565491,311
1008,16.300000000000107,28.69281227530745,311
1008,16.350000000000108,28.820495665566007,311
1008,16.40000000000011,28.97759214085065,311
1008,16.45000000000011,29.16812556882072,311
1008,16.50000000000011,29.39607016010431,311
1008,16.55000000000011,29.665295294081044,311
1008,16.60000000000011,29.979507325920725,311
1008,16.650000000000112,30.342189778885228,311
1008,16.700000000000113,30.75654354640169,311
1008,16.750000000000114,31.22542888827682,311
1008,16.800000000000114,31.751311083972226,311
1008,16.850000000000115,32.33621158652381,311
1008,16.900000000000116,32.98166639313355,311
1008,16.950000000000117,33.68869311135137,311
1008,17.000000000000117,34.45776786092388,311
1008,17.050000000000118,35.288812729088015,311
1008,17.10000000000012,36.181194017817624,311
1008,17.15000000000012,37.13373101880228,311
1008,17.20000000000012,38.14471456204023,311
1008,17.25000000000012,39.21193414341794,311
1008,17.30000000000012,40.33271207731426,311
1008,17.350000000000122,41.503942867344406,311
1008,17.400000000000123,42.72213585704496,311
1008,17.450000000000124,43.983459217534616,311
1008,17.500000000000124,45.28378344541733,311
1008,17.550000000000125,46.61872276666683,311
1008,17.600000000000126,47.983673149378305,311
1008,17.650000000000126,49.37384599377377,311
1008,17.700000000000127,50.78429696383256,311
1008,17.750000000000128,52.20994982359688,311
1008,17.80000000000013,53.64561551771037,311
1008,17.85000000000013,55.086007068176194,311
1008,17.90000000000013,56.52575113088568,311
1008,17.95000000000013,57.95939725363652,311
1001,5,281.62429385991794,2451
1001,5.05,267.7248503532913,2451
1001,5.1,247.674544204243,2451
1001,5.1499999999999995,227.18737023006094,2451
1001,5.199999999999999,212.29630140170593,2451
1001,5.249999999999999,205.9751454031988,2451
1001,5.299999999999999,204.69600530594596,2451
1001,5.349999999999999,202.67848324370837,2451
1001,5.399999999999999,198.2935181272601,2451
1001,5.449999999999998,192.44552532033083,2451
1001,5.499999999999998,183.0167390913615,2451
1001,5.549999999999998,166.18738496889492,2451
1001,5.599999999999998,142.21220070742203,2451
1001,5.649999999999998,115.73628243493897,2451
1001,5.6999999999999975,91.81735214712342,2451
1001,5.749999999999997,75.06118738843237,2451
1001,5.799999999999997,70.01918459684823,2451
1001,5.849999999999997,77.56721917834162,2451
1001,5.899999999999997,91.39671789172499,2451
1001,5.949999999999997,101.12398243036746,2451
1001,5.9999999999999964,98.85540159681078,2451
1001,6.049999999999996,82.42235557605048,2451
1001,6.099999999999996,55.42838631229501,2451
1001,6.149999999999996,26.61511984993985,2451
1001,6.199999999999996,6.953382537702069,2451
1001,6.249999999999996,4.1599402757493085,2451
1001,6.299999999999995,18.987217873891773,2451
1001,6.349999999999995,45.84725989147119,2451
1001,6.399999999999995,75.51839799051699,2451
1001,6.449999999999995,98.0832148155837,2451
1001,6.499999999999995,106.55620000022101,2451
1001,6.5499999999999945,99.72891792544922,2451
1001,6.599999999999994,81.54613185383278,2451
1001,6.649999999999994,58.08958823354585,2451
1001,6.699999999999994,35.366199835540804,2451
1001,6.749999999999994,18.416194160176023,2451
1001,6.799999999999994,10.48246173503301,2451
1001,6.849999999999993,12.241714166047988,2451
1001,6.899999999999993,21.721180195423663,2451
1001,6.949999999999993,34.802732201620046,2451
1001,6.999999999999993,46.42030047763323,2451
1001,7.049999999999993,52.677264299622635,2451
1001,7.0999999999999925,52.63013763679006,2451
1001,7.149999999999992,48.31974090491118,2451
1001,7.199999999999992,43.73220564293413,2451
1001,7.249999999999992,43.588633685646386,2451
1001,7.299999999999992,51.22718538462102,2451
1001,7.349999999999992,65.94118864492964,2451
1001,7.3999999999999915,82.59656594724976,2451
1001,7.449999999999991,94.5814856848843,2451
1001,7.499999999999991,97.09496748053903,2451
1001,7.549999999999991,88.40163762853618,2451
1001,7.599999999999991,70.23149167230879,2451
1001,7.649999999999991,48.08917287804148,2451
1001,7.69999999999999,29.73327042115515,2451
1001,7.74999999999999,21.531650454264206,2451
1001,7.79999999999999,25.606137731403525,2451
1001,7.84999999999999,39.70277916873521,2451
1001,7.89999999999999,58.37551129239804,2451
1001,7.9499999999999895,74.26985938161098,2451
1001,7.999999999999989,80.41992095587293,2451
1001,8.04999999999999,73.42024907987384,2451
1001,8.09999999999999,55.17564731541165,2451
1001,8.149999999999991,32.03031422849478,2451
1001,8.199999999999992,12.502376066897074,2451
1001,8.249999999999993,4.723539420555347,2451
1001,8.299999999999994,13.434480462358348,2451
1001,8.349999999999994,37.38148290942259,2451
1001,8.399999999999995,69.23925990744686,2451
1001,8.449999999999996,98.45891866062651,2451
1001,8.499999999999996,115.12374120515567,2451
1001,8.549999999999997,113.1936326266646,2451
1001,8.599999999999998,92.7786480309199,2451
1001,8.649999999999999,60.74039529479095,2451
1001,8.7,28.327725688018482,2451
1001,8.75,6.380504653880188,2451
1001,8.8,0.9920459460337524,2451
1001,8.850000000000001,11.824784571443832,2451
1001,8.900000000000002,32.95430129699089,2451
1001,8.950000000000003,55.328447827118616,2451
1001,9.000000000000004,70.25356569212232,2451
1001,9.050000000000004,72.84616418261561,2451
1001,9.100000000000005,63.594994882261574,2451
1001,9.150000000000006,47.12692051659154,2451
1001,9.200000000000006,29.35577047907934,2451
1001,9.250000000000007,14.889074877182809,2451
1001,9.300000000000008,5.723560920311584,2451
1001,9.350000000000009,1.3704641584511708,2451
1001,9.40000000000001,0.10442712723038718,2451
1001,9.45000000000001,0.6282710545383567,2451
1001,9.50000000000001,3.0823892539664635,2451
1001,9.550000000000011,8.633419165324144,2451
1001,9.600000000000012,17.960321997828736,2451
1001,9.650000000000013,29.876310628722408,2451
1001,9.700000000000014,41.16345949922296,2451
1001,9.750000000000014,47.76222720426756,2451
1001,9.800000000000015,46.7345983838377,2451
1001,9.850000000000016,38.08043215402218,2451
1001,9.900000000000016,25.2285753681805,2451
1001,9.950000000000017,13.360476968068852,2451
1001,10.000000000000018,6.350698211132087,2451
1001,10.050000000000018,4.739094392187166,2451
1001,10.10000000000002,6.619356431384187,2451
1001,10.15000000000002,11.174104167749684,2451
1001,10.20000000000002,22.761958023644084,2451
1001,10.250000000000021,52.43042631068984,2451
1001,10.300000000000022,114.15079776302483,2451
1001,10.350000000000023,216.32825783458014,2451
1001,10.400000000000023,353.1132257793091,2451
1001,10.450000000000024,500.5055325144446,2451
1001,10.500000000000025,620.5289520207415,2451
1001,10.550000000000026,675.8616415880206,2451
1001,10.600000000000026,653.088742866428,2451
1001,10.650000000000027,582.5597301006745,2451
1001,10.700000000000028,538.7143696316707,2451
1001,10.750000000000028,618.6541825514093,2451
1001,10.80000000000003,912.3066158577697,2451
1001,10.85000000000003,1471.9994077646327,2451
1001,10.90000000000003,2279.9606766921556,2451
1001,10.950000000000031,3226.8258604081784,2451
1001,11.000000000000032,4130.542786236374,2451
1001,11.050000000000033,4800.168834710051,2451
1001,11.100000000000033,5101.992139375984,2451
1001,11.150000000000034,4986.155271879873,2451
1001,11.200000000000035,4481.749354704198,2451
1001,11.250000000000036,3687.6945441093308,2451
1001,11.300000000000036,2756.54892515409,2451
1001,11.350000000000037,1854.3894760111993,2451
1001,11.400000000000038,1108.5198002797,2451
1001,11.450000000000038,577.0737709375543,2451
1001,11.500000000000039,254.28688297215595,2451
1001,11.55000000000004,94.08119520688577,2451
1001,11.60000000000004,34.33888889684957,2451
1001,11.650000000000041,19.005552343128507,2451
1001,11.700000000000042,14.692042037238075,2451
1001,11.750000000000043,13.798036009862463,2451
1001,11.800000000000043,24.429423431988106,2451
1001,11.850000000000044,56.411122415781236,2451
1001,11.900000000000045,110.49162088210198,2451
1001,11.950000000000045,173.57015556825337,2451
1001,12.000000000000046,222.59582295350455,2451
1001,12.050000000000047,236.1517246797699,2451
1001,12.100000000000048,206.22727635449183,2451
1001,12.150000000000048,142.98977314854295,2451
1001,12.200000000000049,71.27336531617355,2451
1001,12.25000000000005,20.56385832227577,2451
1001,12.30000000000005,11.370931612234216,2451
1001,12.350000000000051,44.504396789401795,2451
1001,12.400000000000052,100.44598860420304,2451
1001,12.450000000000053,149.17403807420794,2451
1001,12.500000000000053,164.47103055033256,2451
1001,12.550000000000054,136.65042483766692,2451
1001,12.600000000000055,78.79424605783956,2451
1001,12.650000000000055,22.07089093133827,2451
1001,12.700000000000056,0.5938294808200196,2451
1001,12.750000000000057,34.18333052272375,2451
1001,12.800000000000058,118.73029180277018,2451
1001,12.850000000000058,227.59887489983404,2451
1001,12.900000000000059,322.25844466822275,2451
1001,12.95000000000006,368.2685269528977,2451
1001,13.00000000000006,350.19135312556136,2451
1001,13.050000000000061,277.61024995954415,2451
1001,13.100000000000062,178.84252668534697,2451
1001,13.150000000000063,86.83610348854863,2451
1001,13.200000000000063,25.390963009225302,2451
1001,13.250000000000064,1.6493330721448218,2451
1001,13.300000000000065,6.932223502130061,2451
1001,13.350000000000065,24.388034429747407,2451
1001,13.400000000000066,39.12662673323216,2451
1001,13.450000000000067,45.77484030778771,2451
1001,13.500000000000068,49.990529833890214,2451
1001,13.550000000000068,63.59378131268008,2451
1001,13.600000000000069,96.40838010232457,2451
1001,13.65000000000007,149.7304935295128,2451
1001,13.70000000000007,214.7041523175514,2451
1001,13.750000000000071,275.3180587277061,2451
1001,13.800000000000072,313.9634494188398,2451
1001,13.850000000000072,317.78377059217087,2451
1001,13.900000000000073,283.8658068248152,2451
1001,13.950000000000074,220.68469417136117,2451
1001,14.000000000000075,144.7116443896823,2451
1001,14.050000000000075,74.31865403124719,2451
1001,14.100000000000076,24.20701891070388,2451
1001,14.150000000000077,1.9256744688721943,2451
1001,14.200000000000077,6.731104784999,2451
1001,14.250000000000078,30.907325500921203,2451
1001,14.300000000000079,63.231282518194774,2451
1001,14.35000000000008,93.29842148948276,2451
1001,14.40000000000008,114.89223814284746,2451
1001,14.450000000000081,127.00408364436439,2451
1001,14.500000000000082,132.2381031919903,2451
1001,14.550000000000082,133.74915520682575,2451
1001,14.600000000000083,132.71731727962538,2451
1001,14.650000000000084,127.73618916386863,2451
1001,14.700000000000085,116.03876365262386,2451
1001,14.750000000000085,95.73876822018494,2451
1001,14.800000000000086,68.21814162080672,2451
1001,14.850000000000087,39.42360955269826,2451
1001,14.900000000000087,18.621850319895916,2451
1001,14.950000000000088,14.486593441890456,2451
1001,15.000000000000089,30.612239853629283,2451
1001,15.05000000000009,63.30134257525429,2451
1001,15.10000000000009,102.84985594667728,2451
1001,15.150000000000091,137.33495817943475,2451
1001,15.200000000000092,157.13406967171744,2451
1001,15.250000000000092,158.60173106935116,2451
1001,15.300000000000093,145.26102698101602,2451
1001,15.350000000000094,125.38876677426688,2451
1001,15.400000000000095,107.08057851561027,2451
1001,15.450000000000095,94.09121168610346,2451
1001,15.500000000000096,85.13156036440043,2451
1001,15.550000000000097,76.32095854116528,2451
1001,15.600000000000097,64.62263954923063,2451
1001,15.650000000000098,50.54293876615205,2451
1001,15.700000000000099,39.06030718440512,2451
1001,15.7500000000001,37.816392513369344,2451
1001,15.8000000000001,52.71840799899975,2451
1001,15.850000000000101,83.4069258680311,2451
1001,15.900000000000102,121.82203763984622,2451
1001,15.950000000000102,155.01805697344167,2451
1001,16.000000000000103,170.55334420201189,2451
1001,16.050000000000104,161.72312554220383,2451
1001,16.100000000000104,130.5986188203542,2451
1001,16.150000000000105,87.75106201898596,2451
1001,16.200000000000106,48.383767481020044,2451
1001,16.250000000000107,26.064765317596404,2451
1001,16.300000000000107,26.90278962745387,2451
1001,16.350000000000108,47.241762689105315,2451
1001,16.40000000000011,75.90198440140934,2451
1001,16.45000000000011,99.29398767940313,2451
1001,16.50000000000011,106.82537879174271,2451
1001,16.55000000000011,94.78827806832469,2451
1001,16.60000000000011,67.5923240427411,2451
1001,16.650000000000112,35.64378709475155,2451
1001,16.700000000000113,10.55255921204382,2451
1001,16.750000000000114,0.18811191739884786,2451
1001,16.800000000000114,6.158835651835783,2451
1001,16.850000000000115,24.330524512262354,2451
1001,16.900000000000116,47.352982187121874,2451
1001,16.950000000000117,67.92474730867573,2451
1001,17.000000000000117,81.65276741529229,2451
1001,17.050000000000118,88.28306596173317,2451
1001,17.10000000000012,90.62555501190012,2451
1001,17.15000000000012,91.94898618411881,2451
1001,17.20000000000012,93.64721155249839,2451
1001,17.25000000000012,94.51469754906165,2451
1001,17.30000000000012,91.67156500590663,2451
1001,17.350000000000122,82.33558476873813,2451
1001,17.400000000000123,65.6217590701519,2451
1001,17.450000000000124,43.73676401163422,2451
1001,17.500000000000124,21.917706968192302,2451
1001,17.550000000000125,6.715334549392468,2451
1001,17.600000000000126,3.196490543348663,2451
1001,17.650000000000126,12.595131616688457,2451
1001,17.700000000000127,31.680506301869826,2451
1001,17.750000000000128,53.93247153474092,2451
1001,17.80000000000013,71.84855543360217,2451
1001,17.85000000000013,79.61927802391935,2451
1001,17.90000000000013,75.30683872819205,2451
1001,17.95000000000013,61.50817047947342,2451
