id,time,network,band,elevation,azimuth,snr
10002,30284,GPS,L1,10,141,15
21023,30284,Galileo,L5,7,321,11
30022,30284,BeiDou,L1,5,240,18
10002,30285,GPS,L1,10,141,14
21023,30285,Galileo,L5,7,321,11
30022,30285,BeiDou,L1,5,240,18
10002,30286,GPS,L1,10,141,13
21023,30286,Galileo,L5,7,321,11
30022,30286,BeiDou,L1,5,240,17
10002,30287,GPS,L1,10,141,14
21023,30287,Galileo,L5,7,321,12
30022,30287,BeiDou,L1,5,240,17
10002,30288,GPS,L1,10,141,15
21023,30288,Galileo,L5,7,321,12
30022,30288,BeiDou,L1,5,240,17
10002,30289,GPS,L1,10,141,14
21023,30289,Galileo,L5,7,321,12
30022,30289,BeiDou,L1,5,240,17
10002,30290,GPS,L1,10,141,13
21023,30290,Galileo,L5,7,321,11
30022,30290,BeiDou,L1,5,240,17
10002,30291,GPS,L1,10,141,15
21023,30291,Galileo,L5,7,321,10
30022,30291,BeiDou,L1,5,240,17
10002,30292,GPS,L1,10,141,14
21023,30292,Galileo,L5,7,321,9
30022,30292,BeiDou,L1,5,240,17
10002,30293,GPS,L1,10,141,13
21023,30293,Galileo,L5,7,321,9
30022,30293,BeiDou,L1,5,240,17
10002,30294,GPS,L1,10,141,14
21023,30294,Galileo,L5,7,321,9
30022,30294,BeiDou,L1,5,240,17
10002,30295,GPS,L1,10,141,14
21023,30295,Galileo,L5,7,321,9
30022,30295,BeiDou,L1,5,240,17
10002,30296,GPS,L1,10,141,15
21023,30296,Galileo,L5,7,321,10
30022,30296,BeiDou,L1,5,240,17
10002,30297,GPS,L1,10,141,12
21023,30297,Galileo,L5,7,321,10
30022,30297,BeiDou,L1,5,240,17
10002,30298,GPS,L1,10,141,13
21023,30298,Galileo,L5,7,321,10
30022,30298,BeiDou,L1,5,240,17
10002,30299,GPS,L1,10,141,12
21023,30299,Galileo,L5,7,321,9
30022,30299,BeiDou,L1,5,240,17
10002,30300,GPS,L1,10,141,13
21023,30300,Galileo,L5,7,321,9
30022,30300,BeiDou,L1,5,240,17
10002,30301,GPS,L1,10,141,15
21023,30301,Galileo,L5,7,321,10
30022,30301,BeiDou,L1,5,240,17
10002,30302,GPS,L1,10,141,14
21023,30302,Galileo,L5,7,321,10
30022,30302,BeiDou,L1,6,240,17
10002,30303,GPS,L1,10,141,13
21023,30303,Galileo,L5,7,321,10
30022,30303,BeiDou,L1,6,240,17
10002,30304,GPS,L1,10,141,13
21023,30304,Galileo,L5,7,321,10
30022,30304,BeiDou,L1,6,240,17
10002,30305,GPS,L1,10,141,13
21023,30305,Galileo,L5,7,321,10
30022,30305,BeiDou,L1,6,240,17
10002,30306,GPS,L1,10,141,15
21023,30306,Galileo,L5,7,321,10
30022,30306,BeiDou,L1,6,240,17
10002,30307,GPS,L1,10,141,14
21023,30307,Galileo,L5,7,321,10
30022,30307,BeiDou,L1,6,240,18
10002,30308,GPS,L1,10,141,13
21023,30308,Galileo,L5,7,321,11
30022,30308,BeiDou,L1,6,240,18
10002,30309,GPS,L1,10,141,12
30022,30309,BeiDou,L1,6,240,18
10002,30310,GPS,L1,10,141,14
30022,30310,BeiDou,L1,6,240,19
10002,30311,GPS,L1,10,141,13
30022,30311,BeiDou,L1,6,240,19
10002,30312,GPS,L1,10,141,15
21023,30312,Galileo,L5,7,321,15
30022,30312,BeiDou,L1,6,240,19
10002,30313,GPS,L1,10,141,15
21023,30313,Galileo,L5,7,321,15
30022,30313,BeiDou,L1,6,240,19
10002,30314,GPS,L1,10,141,17
21023,30314,Galileo,L5,7,321,17
30022,30314,BeiDou,L1,6,240,19
10002,30315,GPS,L1,10,141,17
21023,30315,Galileo,L5,7,321,15
30022,30315,BeiDou,L1,6,240,19
10002,30316,GPS,L1,10,141,19
21023,30316,Galileo,L5,7,321,14
30022,30316,BeiDou,L1,6,240,19
10002,30317,GPS,L1,10,141,18
21023,30317,Galileo,L5,7,321,14
30022,30317,BeiDou,L1,6,240,18
10002,30318,GPS,L1,10,141,18
21023,30318,Galileo,L5,7,321,14
30022,30318,BeiDou,L1,6,240,18
10002,30319,GPS,L1,10,141,18
21023,30319,Galileo,L5,7,321,13
30022,30319,BeiDou,L1,6,240,19
10002,30320,GPS,L1,10,141,19
21023,30320,Galileo,L5,7,321,12
30022,30320,BeiDou,L1,6,240,19
10002,30321,GPS,L1,10,141,19
21023,30321,Galileo,L5,7,321,11
20023,30321,Galileo,L1,7,321,10
30022,30321,BeiDou,L1,6,240,20
10002,30322,GPS,L1,10,141,19
21023,30322,Galileo,L5,7,321,10
20023,30322,Galileo,L1,7,321,9
30022,30322,BeiDou,L1,6,240,21
10002,30323,GPS,L1,10,141,18
21023,30323,Galileo,L5,7,321,10
20023,30323,Galileo,L1,7,321,8
30022,30323,BeiDou,L1,6,240,21
10002,30324,GPS,L1,10,141,18
21023,30324,Galileo,L5,7,321,10
20023,30324,Galileo,L1,7,321,7
30022,30324,BeiDou,L1,6,240,21
10002,30325,GPS,L1,10,141,19
21023,30325,Galileo,L5,7,321,10
20023,30325,Galileo,L1,7,321,6
30022,30325,BeiDou,L1,6,240,21
10002,30326,GPS,L1,10,141,19
21023,30326,Galileo,L5,7,321,11
20023,30326,Galileo,L1,7,321,5
30022,30326,BeiDou,L1,6,240,21
10002,30327,GPS,L1,10,141,19
21023,30327,Galileo,L5,7,321,11
20023,30327,Galileo,L1,7,321,5
30022,30327,BeiDou,L1,6,240,21
10002,30328,GPS,L1,10,141,19
21023,30328,Galileo,L5,7,321,11
20023,30328,Galileo,L1,7,321,5
30022,30328,BeiDou,L1,6,240,21
10002,30329,GPS,L1,10,141,18
21023,30329,Galileo,L5,7,321,11
20023,30329,Galileo,L1,7,321,5
30022,30329,BeiDou,L1,6,240,20
10002,30330,GPS,L1,10,141,18
21023,30330,Galileo,L5,7,321,11
20023,30330,Galileo,L1,7,321,5
30022,30330,BeiDou,L1,6,240,19
10002,30331,GPS,L1,10,141,18
21023,30331,Galileo,L5,7,321,11
20023,30331,Galileo,L1,7,321,6
30022,30331,BeiDou,L1,6,240,18
10002,30332,GPS,L1,10,141,18
21023,30332,Galileo,L5,7,321,11
20023,30332,Galileo,L1,7,321,6
30022,30332,BeiDou,L1,6,240,17
10002,30333,GPS,L1,10,141,17
21023,30333,Galileo,L5,7,321,11
20023,30333,Galileo,L1,7,321,6
30022,30333,BeiDou,L1,6,240,17
10002,30334,GPS,L1,10,141,17
21023,30334,Galileo,L5,7,321,12
20023,30334,Galileo,L1,7,321,6
30022,30334,BeiDou,L1,6,240,17
10002,30335,GPS,L1,10,141,17
21023,30335,Galileo,L5,7,321,12
20023,30335,Galileo,L1,7,321,6
30022,30335,BeiDou,L1,6,240,17
10002,30336,GPS,L1,10,141,17
21023,30336,Galileo,L5,7,321,12
20023,30336,Galileo,L1,7,321,6
30022,30336,BeiDou,L1,6,240,17
10002,30337,GPS,L1,10,141,17
21023,30337,Galileo,L5,7,321,12
20023,30337,Galileo,L1,7,321,6
30022,30337,BeiDou,L1,6,240,18
10002,30338,GPS,L1,10,141,17
21023,30338,Galileo,L5,7,321,13
20023,30338,Galileo,L1,7,321,6
30022,30338,BeiDou,L1,6,240,19
10002,30339,GPS,L1,10,141,17
21023,30339,Galileo,L5,7,321,13
20023,30339,Galileo,L1,7,321,5
30022,30339,BeiDou,L1,6,240,19
10002,30340,GPS,L1,10,141,18
21023,30340,Galileo,L5,7,321,14
20023,30340,Galileo,L1,7,321,6
30022,30340,BeiDou,L1,6,240,19
10002,30341,GPS,L1,10,141,18
21023,30341,Galileo,L5,7,321,15
30022,30341,BeiDou,L1,6,240,19
10002,30342,GPS,L1,10,141,18
21023,30342,Galileo,L5,7,321,15
30022,30342,BeiDou,L1,6,240,19
10002,30343,GPS,L1,10,141,18
21023,30343,Galileo,L5,7,321,15
30022,30343,BeiDou,L1,6,240,19
10002,30344,GPS,L1,10,141,18
21023,30344,Galileo,L5,7,321,15
30022,30344,BeiDou,L1,6,240,19
10002,30345,GPS,L1,8,142,18
21023,30345,Galileo,L5,7,321,16
30022,30345,BeiDou,L1,6,240,19
10002,30346,GPS,L1,8,142,18
21023,30346,Galileo,L5,7,321,16
30022,30346,BeiDou,L1,6,240,19
10002,30347,GPS,L1,8,142,18
21023,30347,Galileo,L5,7,321,16
30022,30347,BeiDou,L1,6,240,18
10002,30348,GPS,L1,8,142,18
21023,30348,Galileo,L5,7,321,15
30022,30348,BeiDou,L1,6,240,18
10002,30349,GPS,L1,8,142,18
21023,30349,Galileo,L5,7,321,15
30022,30349,BeiDou,L1,6,240,18
10002,30350,GPS,L1,8,142,18
21023,30350,Galileo,L5,7,321,14
30022,30350,BeiDou,L1,6,240,18
10002,30351,GPS,L1,8,142,18
21023,30351,Galileo,L5,7,321,14
20023,30351,Galileo,L1,7,321,16
30022,30351,BeiDou,L1,6,240,18
10002,30352,GPS,L1,8,142,18
21023,30352,Galileo,L5,7,321,14
20023,30352,Galileo,L1,7,321,16
30022,30352,BeiDou,L1,6,240,18
10002,30353,GPS,L1,8,142,18
21023,30353,Galileo,L5,7,321,12
20023,30353,Galileo,L1,7,321,16
30022,30353,BeiDou,L1,6,240,18
10002,30354,GPS,L1,8,142,18
21023,30354,Galileo,L5,7,321,12
20023,30354,Galileo,L1,7,321,16
30022,30354,BeiDou,L1,6,240,18
10002,30355,GPS,L1,8,142,18
21023,30355,Galileo,L5,7,321,11
20023,30355,Galileo,L1,7,321,15
30022,30355,BeiDou,L1,6,240,18
10002,30356,GPS,L1,8,142,18
21023,30356,Galileo,L5,7,321,11
20023,30356,Galileo,L1,7,321,11
30022,30356,BeiDou,L1,6,240,18
10002,30357,GPS,L1,8,142,18
21023,30357,Galileo,L5,7,321,10
20023,30357,Galileo,L1,7,321,14
30022,30357,BeiDou,L1,6,240,18
10002,30358,GPS,L1,8,142,18
21023,30358,Galileo,L5,7,321,10
20023,30358,Galileo,L1,7,321,14
30022,30358,BeiDou,L1,6,240,18
10002,30359,GPS,L1,8,142,18
21023,30359,Galileo,L5,7,321,10
20023,30359,Galileo,L1,7,321,14
30022,30359,BeiDou,L1,6,240,18
10002,30360,GPS,L1,8,142,18
21023,30360,Galileo,L5,7,321,10
20023,30360,Galileo,L1,7,321,14
30022,30360,BeiDou,L1,6,240,17
10002,30361,GPS,L1,8,142,18
21023,30361,Galileo,L5,7,321,9
20023,30361,Galileo,L1,7,321,14
30022,30361,BeiDou,L1,6,240,16
10002,30362,GPS,L1,8,142,18
21023,30362,Galileo,L5,7,321,9
20023,30362,Galileo,L1,7,321,16
30022,30362,BeiDou,L1,6,240,14
10002,30363,GPS,L1,8,142,18
21023,30363,Galileo,L5,7,321,9
20023,30363,Galileo,L1,7,321,15
30022,30363,BeiDou,L1,6,240,14
10002,30364,GPS,L1,8,142,18
21023,30364,Galileo,L5,7,321,9
20023,30364,Galileo,L1,7,321,15
30022,30364,BeiDou,L1,6,240,15
10002,30365,GPS,L1,8,142,18
21023,30365,Galileo,L5,7,321,9
20023,30365,Galileo,L1,7,321,14
30022,30365,BeiDou,L1,6,240,14
10002,30366,GPS,L1,8,142,18
21023,30366,Galileo,L5,7,321,9
20023,30366,Galileo,L1,7,321,13
30022,30366,BeiDou,L1,6,240,13
10002,30367,GPS,L1,8,142,18
21023,30367,Galileo,L5,7,321,10
20023,30367,Galileo,L1,7,321,15
30022,30367,BeiDou,L1,6,240,13
10002,30368,GPS,L1,8,142,18
21023,30368,Galileo,L5,7,321,10
20023,30368,Galileo,L1,7,321,15
30022,30368,BeiDou,L1,6,240,14
10002,30369,GPS,L1,8,142,18
21023,30369,Galileo,L5,7,321,10
20023,30369,Galileo,L1,7,321,16
30022,30369,BeiDou,L1,6,240,15
10002,30370,GPS,L1,8,142,18
21023,30370,Galileo,L5,7,321,10
20023,30370,Galileo,L1,7,321,16
30022,30370,BeiDou,L1,6,240,16
10002,30371,GPS,L1,8,142,18
21023,30371,Galileo,L5,7,321,9
20023,30371,Galileo,L1,7,321,16
30022,30371,BeiDou,L1,6,240,16
10002,30372,GPS,L1,8,142,18
21023,30372,Galileo,L5,7,321,9
20023,30372,Galileo,L1,7,321,16
30022,30372,BeiDou,L1,6,240,16
10002,30373,GPS,L1,8,142,18
21023,30373,Galileo,L5,7,321,9
20023,30373,Galileo,L1,7,321,16
30022,30373,BeiDou,L1,6,240,16
10002,30374,GPS,L1,8,142,18
21023,30374,Galileo,L5,7,321,8
20023,30374,Galileo,L1,7,321,15
30022,30374,BeiDou,L1,6,240,16
10002,30375,GPS,L1,8,142,17
21023,30375,Galileo,L5,7,321,8
20023,30375,Galileo,L1,7,321,16
30022,30375,BeiDou,L1,6,240,15
10002,30376,GPS,L1,8,142,14
21023,30376,Galileo,L5,7,321,7
20023,30376,Galileo,L1,7,321,15
30022,30376,BeiDou,L1,6,240,14
10002,30377,GPS,L1,8,142,15
21023,30377,Galileo,L5,7,321,7
20023,30377,Galileo,L1,7,321,17
30022,30377,BeiDou,L1,6,240,13
10002,30378,GPS,L1,8,142,15
21023,30378,Galileo,L5,7,321,7
20023,30378,Galileo,L1,7,321,17
30022,30378,BeiDou,L1,6,240,13
10002,30379,GPS,L1,8,142,17
21023,30379,Galileo,L5,7,321,7
20023,30379,Galileo,L1,7,321,18
30022,30379,BeiDou,L1,6,240,13
10002,30380,GPS,L1,8,142,15
21023,30380,Galileo,L5,7,321,7
20023,30380,Galileo,L1,7,321,18
30022,30380,BeiDou,L1,6,240,13
10002,30381,GPS,L1,8,142,12
21023,30381,Galileo,L5,7,321,7
20023,30381,Galileo,L1,7,321,17
30022,30381,BeiDou,L1,6,240,14
10002,30382,GPS,L1,8,142,15
21023,30382,Galileo,L5,7,321,7
20023,30382,Galileo,L1,7,321,17
30022,30382,BeiDou,L1,6,240,15
10002,30383,GPS,L1,8,142,14
21023,30383,Galileo,L5,7,321,7
20023,30383,Galileo,L1,7,321,16
30022,30383,BeiDou,L1,6,240,15
10002,30384,GPS,L1,8,142,12
21023,30384,Galileo,L5,7,321,7
20023,30384,Galileo,L1,7,321,17
30022,30384,BeiDou,L1,6,240,15
10002,30385,GPS,L1,8,142,14
21023,30385,Galileo,L5,7,321,8
20023,30385,Galileo,L1,7,321,16
30022,30385,BeiDou,L1,6,240,15
10002,30386,GPS,L1,8,142,14
21023,30386,Galileo,L5,7,321,8
20023,30386,Galileo,L1,7,321,16
30022,30386,BeiDou,L1,6,240,15
10002,30387,GPS,L1,8,142,14
21023,30387,Galileo,L5,7,321,8
20023,30387,Galileo,L1,7,321,13
30022,30387,BeiDou,L1,6,240,15
10002,30388,GPS,L1,8,142,15
21023,30388,Galileo,L5,7,321,8
21026,30388,Galileo,L5,5,306,16
20023,30388,Galileo,L1,7,321,14
30022,30388,BeiDou,L1,6,240,16
10002,30389,GPS,L1,8,142,15
21023,30389,Galileo,L5,7,321,9
21026,30389,Galileo,L5,5,306,15
20023,30389,Galileo,L1,7,321,14
30022,30389,BeiDou,L1,6,240,16
10002,30390,GPS,L1,8,142,15
21023,30390,Galileo,L5,7,321,9
21026,30390,Galileo,L5,5,306,13
20023,30390,Galileo,L1,7,321,15
30022,30390,BeiDou,L1,6,240,17
10002,30391,GPS,L1,8,142,15
21023,30391,Galileo,L5,7,321,8
21026,30391,Galileo,L5,5,306,12
20023,30391,Galileo,L1,7,321,14
30022,30391,BeiDou,L1,6,240,17
10002,30392,GPS,L1,8,142,15
21023,30392,Galileo,L5,7,321,8
21026,30392,Galileo,L5,5,306,12
20023,30392,Galileo,L1,7,321,15
30022,30392,BeiDou,L1,6,240,17
10002,30393,GPS,L1,8,142,16
21023,30393,Galileo,L5,7,321,8
21026,30393,Galileo,L5,5,306,12
20023,30393,Galileo,L1,7,321,16
30022,30393,BeiDou,L1,6,240,17
10002,30394,GPS,L1,8,142,16
21023,30394,Galileo,L5,7,321,8
21026,30394,Galileo,L5,5,306,11
20023,30394,Galileo,L1,7,321,17
30022,30394,BeiDou,L1,6,240,17
10002,30395,GPS,L1,8,142,16
21023,30395,Galileo,L5,7,321,8
21026,30395,Galileo,L5,5,306,11
20023,30395,Galileo,L1,7,321,14
30022,30395,BeiDou,L1,6,240,16
10002,30396,GPS,L1,8,142,16
21023,30396,Galileo,L5,7,321,8
21026,30396,Galileo,L5,5,306,11
20023,30396,Galileo,L1,7,321,16
30022,30396,BeiDou,L1,6,240,15
10002,30397,GPS,L1,8,142,16
21023,30397,Galileo,L5,7,321,9
21026,30397,Galileo,L5,5,306,11
20023,30397,Galileo,L1,7,321,15
30022,30397,BeiDou,L1,6,240,15
10002,30398,GPS,L1,8,142,16
21023,30398,Galileo,L5,7,321,9
21026,30398,Galileo,L5,5,306,11
20023,30398,Galileo,L1,7,321,15
30022,30398,BeiDou,L1,6,240,15
10002,30399,GPS,L1,8,142,16
21023,30399,Galileo,L5,7,321,9
21026,30399,Galileo,L5,5,306,11
20023,30399,Galileo,L1,7,321,15
30022,30399,BeiDou,L1,6,240,15
10002,30400,GPS,L1,8,142,16
21023,30400,Galileo,L5,7,321,9
21026,30400,Galileo,L5,5,306,11
20023,30400,Galileo,L1,7,321,15
30022,30400,BeiDou,L1,6,240,15
10002,30401,GPS,L1,8,142,17
21023,30401,Galileo,L5,7,321,9
21026,30401,Galileo,L5,5,306,11
20023,30401,Galileo,L1,7,321,16
30022,30401,BeiDou,L1,6,240,16
10002,30402,GPS,L1,8,142,17
21023,30402,Galileo,L5,7,321,9
21026,30402,Galileo,L5,5,306,12
20023,30402,Galileo,L1,7,321,16
30022,30402,BeiDou,L1,6,240,17
10002,30403,GPS,L1,8,142,17
21023,30403,Galileo,L5,7,321,9
21026,30403,Galileo,L5,5,306,13
20023,30403,Galileo,L1,7,321,15
30022,30403,BeiDou,L1,6,240,17
10002,30404,GPS,L1,8,142,17
21023,30404,Galileo,L5,7,321,8
21026,30404,Galileo,L5,5,306,13
30022,30404,BeiDou,L1,6,240,17
10002,30405,GPS,L1,8,142,17
21023,30405,Galileo,L5,7,320,8
21026,30405,Galileo,L5,5,306,14
30022,30405,BeiDou,L1,6,240,17
10002,30406,GPS,L1,8,142,17
21023,30406,Galileo,L5,7,320,8
21026,30406,Galileo,L5,5,306,15
30022,30406,BeiDou,L1,6,240,17
10002,30407,GPS,L1,8,142,17
21023,30407,Galileo,L5,7,320,7
21026,30407,Galileo,L5,5,306,15
30022,30407,BeiDou,L1,6,240,17
10002,30408,GPS,L1,8,142,17
21023,30408,Galileo,L5,7,320,8
21026,30408,Galileo,L5,6,307,15
30022,30408,BeiDou,L1,6,240,17
10002,30409,GPS,L1,8,142,16
21023,30409,Galileo,L5,7,320,9
21026,30409,Galileo,L5,6,307,15
20023,30409,Galileo,L1,7,320,5
30022,30409,BeiDou,L1,6,240,16
10002,30410,GPS,L1,8,142,15
21023,30410,Galileo,L5,7,320,9
21026,30410,Galileo,L5,6,307,15
20023,30410,Galileo,L1,7,320,7
30022,30410,BeiDou,L1,6,240,16
10002,30411,GPS,L1,8,142,13
21023,30411,Galileo,L5,7,320,9
21026,30411,Galileo,L5,6,307,14
20023,30411,Galileo,L1,7,320,8
30022,30411,BeiDou,L1,6,240,15
10002,30412,GPS,L1,8,142,16
21023,30412,Galileo,L5,7,320,10
21026,30412,Galileo,L5,6,307,13
20023,30412,Galileo,L1,7,320,8
30022,30412,BeiDou,L1,6,240,15
10002,30413,GPS,L1,8,142,16
21023,30413,Galileo,L5,7,320,10
21026,30413,Galileo,L5,6,307,13
20023,30413,Galileo,L1,7,320,7
30022,30413,BeiDou,L1,6,240,15
10002,30414,GPS,L1,8,142,17
21023,30414,Galileo,L5,7,320,10
21026,30414,Galileo,L5,6,307,12
20023,30414,Galileo,L1,7,320,10
30022,30414,BeiDou,L1,6,240,16
10002,30415,GPS,L1,8,142,17
21023,30415,Galileo,L5,7,320,10
21026,30415,Galileo,L5,6,307,12
20023,30415,Galileo,L1,7,320,9
30022,30415,BeiDou,L1,6,240,17
10002,30416,GPS,L1,8,142,16
21023,30416,Galileo,L5,7,320,10
21026,30416,Galileo,L5,6,307,12
20023,30416,Galileo,L1,7,320,10
30022,30416,BeiDou,L1,6,240,18
10002,30417,GPS,L1,8,142,17
21023,30417,Galileo,L5,7,320,10
21026,30417,Galileo,L5,6,307,12
20023,30417,Galileo,L1,7,320,10
30022,30417,BeiDou,L1,6,240,18
10002,30418,GPS,L1,8,142,17
21023,30418,Galileo,L5,7,320,9
21026,30418,Galileo,L5,6,307,11
20023,30418,Galileo,L1,7,320,11
30022,30418,BeiDou,L1,6,240,19
10002,30419,GPS,L1,8,142,15
21023,30419,Galileo,L5,7,320,9
21026,30419,Galileo,L5,6,307,10
20023,30419,Galileo,L1,7,320,11
30022,30419,BeiDou,L1,6,240,19
10002,30420,GPS,L1,8,142,16
21023,30420,Galileo,L5,7,320,10
21026,30420,Galileo,L5,6,307,10
20023,30420,Galileo,L1,7,320,11
30022,30420,BeiDou,L1,6,240,19
10002,30421,GPS,L1,8,142,16
21023,30421,Galileo,L5,7,320,10
21026,30421,Galileo,L5,6,307,10
20023,30421,Galileo,L1,7,320,11
30022,30421,BeiDou,L1,6,240,19
10002,30422,GPS,L1,8,142,16
21023,30422,Galileo,L5,7,320,10
21026,30422,Galileo,L5,6,307,10
20023,30422,Galileo,L1,7,320,11
30022,30422,BeiDou,L1,6,240,18
10002,30423,GPS,L1,8,142,16
21023,30423,Galileo,L5,7,320,10
21026,30423,Galileo,L5,6,307,10
20023,30423,Galileo,L1,7,320,11
30022,30423,BeiDou,L1,6,240,18
10002,30424,GPS,L1,8,142,17
21023,30424,Galileo,L5,7,320,10
21026,30424,Galileo,L5,6,307,10
20023,30424,Galileo,L1,7,320,12
30022,30424,BeiDou,L1,6,240,17
10002,30425,GPS,L1,8,142,17
21023,30425,Galileo,L5,7,320,10
21026,30425,Galileo,L5,6,307,10
20023,30425,Galileo,L1,7,320,11
30022,30425,BeiDou,L1,6,240,16
10002,30426,GPS,L1,8,142,17
21023,30426,Galileo,L5,7,320,9
21026,30426,Galileo,L5,6,307,10
20023,30426,Galileo,L1,7,320,10
30022,30426,BeiDou,L1,6,240,16
10002,30427,GPS,L1,8,142,17
21023,30427,Galileo,L5,7,320,8
21026,30427,Galileo,L5,6,307,9
20023,30427,Galileo,L1,7,320,9
30022,30427,BeiDou,L1,6,240,16
10002,30428,GPS,L1,8,142,17
21023,30428,Galileo,L5,7,320,8
21026,30428,Galileo,L5,6,307,9
20023,30428,Galileo,L1,7,320,8
30022,30428,BeiDou,L1,6,240,16
10002,30429,GPS,L1,8,142,17
21023,30429,Galileo,L5,7,320,9
21026,30429,Galileo,L5,6,307,9
20023,30429,Galileo,L1,7,320,6
30022,30429,BeiDou,L1,6,240,16
10002,30430,GPS,L1,8,142,17
21023,30430,Galileo,L5,7,320,9
21026,30430,Galileo,L5,6,307,9
20023,30430,Galileo,L1,7,320,7
30022,30430,BeiDou,L1,6,240,17
10002,30431,GPS,L1,8,142,17
21023,30431,Galileo,L5,7,320,9
21026,30431,Galileo,L5,6,307,8
20023,30431,Galileo,L1,7,320,8
30022,30431,BeiDou,L1,6,240,18
10002,30432,GPS,L1,8,142,17
21023,30432,Galileo,L5,7,320,9
21026,30432,Galileo,L5,6,307,7
20023,30432,Galileo,L1,7,320,6
30022,30432,BeiDou,L1,6,240,19
10002,30433,GPS,L1,8,142,16
21023,30433,Galileo,L5,7,320,9
21026,30433,Galileo,L5,6,307,7
20023,30433,Galileo,L1,7,320,7
30022,30433,BeiDou,L1,6,240,19
10002,30434,GPS,L1,8,142,15
21026,30434,Galileo,L5,6,307,7
21023,30434,Galileo,L5,7,320,9
20023,30434,Galileo,L1,7,320,5
30022,30434,BeiDou,L1,6,240,19
10002,30435,GPS,L1,8,142,15
21023,30435,Galileo,L5,7,320,9
21026,30435,Galileo,L5,6,307,7
20023,30435,Galileo,L1,7,320,6
30022,30435,BeiDou,L1,6,240,20
10002,30436,GPS,L1,8,142,14
21023,30436,Galileo,L5,7,320,9
21026,30436,Galileo,L5,6,307,8
20023,30436,Galileo,L1,7,320,8
30022,30436,BeiDou,L1,6,240,20
10002,30437,GPS,L1,8,142,13
21023,30437,Galileo,L5,7,320,9
21026,30437,Galileo,L5,6,307,9
20023,30437,Galileo,L1,7,320,8
30022,30437,BeiDou,L1,6,240,20
10002,30438,GPS,L1,8,142,14
21023,30438,Galileo,L5,7,320,9
21026,30438,Galileo,L5,6,307,10
20023,30438,Galileo,L1,7,320,6
30022,30438,BeiDou,L1,6,240,20
10002,30439,GPS,L1,8,142,13
21023,30439,Galileo,L5,7,320,9
21026,30439,Galileo,L5,6,307,10
20023,30439,Galileo,L1,7,320,8
30022,30439,BeiDou,L1,6,240,20
10002,30440,GPS,L1,8,142,13
21023,30440,Galileo,L5,7,320,9
21026,30440,Galileo,L5,6,307,10
20023,30440,Galileo,L1,7,320,9
30022,30440,BeiDou,L1,6,240,20
10002,30441,GPS,L1,8,142,14
21023,30441,Galileo,L5,7,320,8
21026,30441,Galileo,L5,6,307,11
20023,30441,Galileo,L1,7,320,7
30022,30441,BeiDou,L1,6,240,19
10002,30442,GPS,L1,8,142,13
21023,30442,Galileo,L5,7,320,8
21026,30442,Galileo,L5,6,307,11
20023,30442,Galileo,L1,7,320,9
30022,30442,BeiDou,L1,6,240,19
10002,30443,GPS,L1,8,142,14
21023,30443,Galileo,L5,7,320,8
21026,30443,Galileo,L5,6,307,11
20023,30443,Galileo,L1,7,320,7
30022,30443,BeiDou,L1,6,240,20
10002,30444,GPS,L1,8,142,15
21023,30444,Galileo,L5,7,320,9
21026,30444,Galileo,L5,6,307,11
20023,30444,Galileo,L1,7,320,7
30022,30444,BeiDou,L1,6,240,20
10002,30445,GPS,L1,8,142,17
21023,30445,Galileo,L5,7,320,9
21026,30445,Galileo,L5,6,307,11
20023,30445,Galileo,L1,7,320,8
30022,30445,BeiDou,L1,6,240,20
10002,30446,GPS,L1,8,142,17
21023,30446,Galileo,L5,7,320,10
21026,30446,Galileo,L5,6,307,11
20023,30446,Galileo,L1,7,320,9
30022,30446,BeiDou,L1,6,240,20
10002,30447,GPS,L1,8,142,17
21023,30447,Galileo,L5,7,320,10
21026,30447,Galileo,L5,6,307,11
20023,30447,Galileo,L1,7,320,7
30022,30447,BeiDou,L1,6,240,21
10002,30448,GPS,L1,8,142,16
21023,30448,Galileo,L5,7,320,11
21026,30448,Galileo,L5,6,307,12
20023,30448,Galileo,L1,7,320,9
30022,30448,BeiDou,L1,6,240,21
10002,30449,GPS,L1,8,142,16
21023,30449,Galileo,L5,7,320,11
21026,30449,Galileo,L5,6,307,12
20023,30449,Galileo,L1,7,320,9
30022,30449,BeiDou,L1,6,240,21
10002,30450,GPS,L1,8,142,16
21023,30450,Galileo,L5,7,320,11
21026,30450,Galileo,L5,6,307,13
20023,30450,Galileo,L1,7,320,7
30022,30450,BeiDou,L1,6,240,21
10002,30451,GPS,L1,8,142,16
21023,30451,Galileo,L5,7,320,11
21026,30451,Galileo,L5,6,307,14
20023,30451,Galileo,L1,7,320,8
30022,30451,BeiDou,L1,6,240,21
10002,30452,GPS,L1,8,142,16
21023,30452,Galileo,L5,7,320,11
21026,30452,Galileo,L5,6,307,15
20023,30452,Galileo,L1,7,320,7
30022,30452,BeiDou,L1,6,240,20
10002,30453,GPS,L1,8,142,16
21023,30453,Galileo,L5,7,320,11
21026,30453,Galileo,L5,6,307,15
20023,30453,Galileo,L1,7,320,5
30022,30453,BeiDou,L1,6,240,20
10002,30454,GPS,L1,8,142,16
21023,30454,Galileo,L5,7,320,11
21026,30454,Galileo,L5,6,307,16
20023,30454,Galileo,L1,7,320,8
30022,30454,BeiDou,L1,6,240,19
10002,30455,GPS,L1,8,142,16
21023,30455,Galileo,L5,7,320,10
21026,30455,Galileo,L5,6,307,17
20023,30455,Galileo,L1,7,320,6
30022,30455,BeiDou,L1,6,240,19
10002,30456,GPS,L1,8,142,16
21023,30456,Galileo,L5,7,320,10
21026,30456,Galileo,L5,6,307,18
20023,30456,Galileo,L1,7,320,8
30022,30456,BeiDou,L1,6,240,19
10002,30457,GPS,L1,8,142,16
21023,30457,Galileo,L5,7,320,10
21026,30457,Galileo,L5,6,307,18
20023,30457,Galileo,L1,7,320,6
30022,30457,BeiDou,L1,6,240,19
10002,30458,GPS,L1,8,142,16
21023,30458,Galileo,L5,7,320,10
21026,30458,Galileo,L5,6,307,18
20023,30458,Galileo,L1,7,320,8
30022,30458,BeiDou,L1,6,240,19
10002,30459,GPS,L1,8,142,16
21023,30459,Galileo,L5,7,320,10
21026,30459,Galileo,L5,6,307,18
20023,30459,Galileo,L1,7,320,8
30022,30459,BeiDou,L1,6,240,19
10002,30460,GPS,L1,8,142,15
21023,30460,Galileo,L5,7,320,10
21026,30460,Galileo,L5,6,307,18
20023,30460,Galileo,L1,7,320,8
30022,30460,BeiDou,L1,6,240,20
10002,30461,GPS,L1,8,142,16
21023,30461,Galileo,L5,7,320,10
21026,30461,Galileo,L5,6,307,18
20023,30461,Galileo,L1,7,320,8
30022,30461,BeiDou,L1,6,240,20
10002,30462,GPS,L1,8,142,15
21023,30462,Galileo,L5,7,320,9
21026,30462,Galileo,L5,6,307,17
20023,30462,Galileo,L1,7,320,6
30022,30462,BeiDou,L1,6,240,20
10002,30463,GPS,L1,8,142,13
21023,30463,Galileo,L5,7,320,9
21026,30463,Galileo,L5,6,307,17
20023,30463,Galileo,L1,7,320,7
30022,30463,BeiDou,L1,6,240,20
10002,30464,GPS,L1,8,142,13
21023,30464,Galileo,L5,7,320,9
21026,30464,Galileo,L5,6,307,16
20023,30464,Galileo,L1,7,320,8
30022,30464,BeiDou,L1,7,241,20
10002,30465,GPS,L1,8,142,12
21023,30465,Galileo,L5,7,320,9
21026,30465,Galileo,L5,6,307,16
20023,30465,Galileo,L1,7,320,6
30022,30465,BeiDou,L1,7,241,20
10002,30466,GPS,L1,8,142,12
21023,30466,Galileo,L5,7,320,9
21026,30466,Galileo,L5,6,307,17
30022,30466,BeiDou,L1,7,241,19
10002,30467,GPS,L1,8,142,11
21023,30467,Galileo,L5,7,320,9
21026,30467,Galileo,L5,6,307,17
30022,30467,BeiDou,L1,7,241,18
10002,30468,GPS,L1,8,142,13
21023,30468,Galileo,L5,7,320,9
21026,30468,Galileo,L5,6,307,17
30022,30468,BeiDou,L1,7,241,17
10002,30469,GPS,L1,8,142,15
21023,30469,Galileo,L5,7,320,9
21026,30469,Galileo,L5,6,307,17
30022,30469,BeiDou,L1,7,241,17
10002,30470,GPS,L1,8,142,16
21023,30470,Galileo,L5,7,320,9
21026,30470,Galileo,L5,6,307,17
30022,30470,BeiDou,L1,7,241,17
10002,30471,GPS,L1,8,142,15
21023,30471,Galileo,L5,7,320,9
21026,30471,Galileo,L5,6,307,17
30022,30471,BeiDou,L1,7,241,16
10002,30472,GPS,L1,8,142,14
21023,30472,Galileo,L5,7,320,9
21026,30472,Galileo,L5,6,307,18
30022,30472,BeiDou,L1,7,241,16
10002,30473,GPS,L1,8,142,15
21023,30473,Galileo,L5,7,320,9
21026,30473,Galileo,L5,6,307,18
30022,30473,BeiDou,L1,7,241,16
10002,30474,GPS,L1,8,142,14
21023,30474,Galileo,L5,7,320,9
21026,30474,Galileo,L5,6,307,18
30022,30474,BeiDou,L1,7,241,16
10002,30475,GPS,L1,8,142,16
21023,30475,Galileo,L5,7,320,9
21026,30475,Galileo,L5,6,307,18
30022,30475,BeiDou,L1,7,241,16
10002,30476,GPS,L1,8,142,16
21023,30476,Galileo,L5,7,320,9
21026,30476,Galileo,L5,6,307,18
30022,30476,BeiDou,L1,7,241,16
10002,30477,GPS,L1,8,142,16
21023,30477,Galileo,L5,7,320,9
21026,30477,Galileo,L5,6,307,18
30022,30477,BeiDou,L1,7,241,16
10002,30478,GPS,L1,8,142,16
21023,30478,Galileo,L5,7,320,10
21026,30478,Galileo,L5,6,307,17
30022,30478,BeiDou,L1,7,241,15
10002,30479,GPS,L1,8,142,16
21023,30479,Galileo,L5,7,320,10
21026,30479,Galileo,L5,6,307,17
30022,30479,BeiDou,L1,7,241,14
10002,30480,GPS,L1,8,142,16
21023,30480,Galileo,L5,7,320,10
21026,30480,Galileo,L5,6,307,16
30022,30480,BeiDou,L1,7,241,15
10002,30481,GPS,L1,8,142,16
21023,30481,Galileo,L5,7,320,10
21026,30481,Galileo,L5,6,307,16
30022,30481,BeiDou,L1,7,241,15
10002,30482,GPS,L1,8,142,17
21026,30482,Galileo,L5,6,307,15
21023,30482,Galileo,L5,7,320,10
30022,30482,BeiDou,L1,7,241,15
10002,30483,GPS,L1,8,142,18
21023,30483,Galileo,L5,7,320,11
21026,30483,Galileo,L5,6,307,15
30022,30483,BeiDou,L1,7,241,14
10002,30484,GPS,L1,8,142,18
21023,30484,Galileo,L5,7,320,11
21026,30484,Galileo,L5,6,307,14
30022,30484,BeiDou,L1,7,241,13
10002,30485,GPS,L1,8,142,18
21023,30485,Galileo,L5,7,320,12
21026,30485,Galileo,L5,6,307,14
30022,30485,BeiDou,L1,7,241,13
10002,30486,GPS,L1,8,142,18
21023,30486,Galileo,L5,7,320,12
21026,30486,Galileo,L5,6,307,14
30022,30486,BeiDou,L1,7,241,13
10002,30487,GPS,L1,8,142,18
21023,30487,Galileo,L5,7,320,13
21026,30487,Galileo,L5,6,307,14
30022,30487,BeiDou,L1,7,241,13
10002,30488,GPS,L1,8,142,18
21023,30488,Galileo,L5,7,320,13
21026,30488,Galileo,L5,6,307,14
30022,30488,BeiDou,L1,7,241,13
10002,30489,GPS,L1,8,142,18
21023,30489,Galileo,L5,7,320,13
21026,30489,Galileo,L5,6,307,14
30022,30489,BeiDou,L1,7,241,13
10002,30490,GPS,L1,8,142,17
21023,30490,Galileo,L5,7,320,13
21026,30490,Galileo,L5,6,307,14
30022,30490,BeiDou,L1,7,241,14
10002,30491,GPS,L1,8,142,17
21023,30491,Galileo,L5,7,320,13
21026,30491,Galileo,L5,6,307,14
30022,30491,BeiDou,L1,7,241,15
10002,30492,GPS,L1,8,142,17
21023,30492,Galileo,L5,7,320,13
21026,30492,Galileo,L5,6,307,14
30022,30492,BeiDou,L1,7,241,15
10002,30493,GPS,L1,8,142,16
21023,30493,Galileo,L5,7,320,13
30022,30493,BeiDou,L1,7,241,15
10002,30494,GPS,L1,8,142,14
21023,30494,Galileo,L5,7,320,13
30022,30494,BeiDou,L1,7,241,15
10002,30495,GPS,L1,8,142,11
21023,30495,Galileo,L5,7,320,12
30022,30495,BeiDou,L1,7,241,15
10002,30496,GPS,L1,8,142,13
21023,30496,Galileo,L5,7,320,12
30022,30496,BeiDou,L1,7,241,15
10002,30497,GPS,L1,8,142,13
21023,30497,Galileo,L5,7,320,10
30022,30497,BeiDou,L1,7,241,15
10002,30498,GPS,L1,8,142,15
21023,30498,Galileo,L5,7,320,9
30022,30498,BeiDou,L1,7,241,15
10002,30499,GPS,L1,8,142,13
21023,30499,Galileo,L5,7,320,8
30022,30499,BeiDou,L1,7,241,14
10002,30500,GPS,L1,8,142,14
21023,30500,Galileo,L5,7,320,8
30022,30500,BeiDou,L1,7,241,14
10002,30501,GPS,L1,8,142,14
21023,30501,Galileo,L5,7,320,8
20023,30501,Galileo,L1,7,320,17
30022,30501,BeiDou,L1,7,241,13
10002,30502,GPS,L1,8,142,14
21023,30502,Galileo,L5,7,320,8
20023,30502,Galileo,L1,7,320,16
30022,30502,BeiDou,L1,7,241,13
10002,30503,GPS,L1,8,142,12
21023,30503,Galileo,L5,7,320,8
21026,30503,Galileo,L5,6,307,15
20023,30503,Galileo,L1,7,320,16
30022,30503,BeiDou,L1,7,241,12
10002,30504,GPS,L1,8,142,14
21023,30504,Galileo,L5,7,320,8
21026,30504,Galileo,L5,6,307,15
20023,30504,Galileo,L1,7,320,16
30022,30504,BeiDou,L1,7,241,12
10002,30505,GPS,L1,8,142,13
21023,30505,Galileo,L5,7,320,8
21026,30505,Galileo,L5,6,307,14
20023,30505,Galileo,L1,7,320,16
30022,30505,BeiDou,L1,7,241,13
10002,30506,GPS,L1,8,142,12
21023,30506,Galileo,L5,7,320,9
21026,30506,Galileo,L5,6,307,15
20023,30506,Galileo,L1,7,320,16
30022,30506,BeiDou,L1,7,241,14
10002,30507,GPS,L1,7,142,12
21023,30507,Galileo,L5,7,320,9
21026,30507,Galileo,L5,6,307,14
20023,30507,Galileo,L1,7,320,17
30022,30507,BeiDou,L1,7,241,14
10002,30508,GPS,L1,7,142,14
21023,30508,Galileo,L5,7,320,9
21026,30508,Galileo,L5,6,307,14
20023,30508,Galileo,L1,7,320,17
30022,30508,BeiDou,L1,7,241,15
10002,30509,GPS,L1,7,142,12
21023,30509,Galileo,L5,7,320,9
21026,30509,Galileo,L5,6,307,14
20023,30509,Galileo,L1,7,320,17
30022,30509,BeiDou,L1,7,241,16
10002,30510,GPS,L1,7,142,13
21023,30510,Galileo,L5,7,320,10
21026,30510,Galileo,L5,6,307,14
20023,30510,Galileo,L1,7,320,17
30022,30510,BeiDou,L1,7,241,17
10002,30511,GPS,L1,7,142,12
21023,30511,Galileo,L5,7,320,11
21026,30511,Galileo,L5,6,307,14
20023,30511,Galileo,L1,7,320,17
30022,30511,BeiDou,L1,7,241,17
10002,30512,GPS,L1,7,142,11
21023,30512,Galileo,L5,7,320,11
21026,30512,Galileo,L5,6,307,14
20023,30512,Galileo,L1,7,320,18
30022,30512,BeiDou,L1,7,241,16
10002,30513,GPS,L1,7,142,15
21023,30513,Galileo,L5,7,320,11
21026,30513,Galileo,L5,6,307,14
20023,30513,Galileo,L1,7,320,18
30022,30513,BeiDou,L1,7,241,15
10002,30514,GPS,L1,7,142,17
21023,30514,Galileo,L5,7,320,12
21026,30514,Galileo,L5,6,307,14
20023,30514,Galileo,L1,7,320,18
30022,30514,BeiDou,L1,7,241,15
10002,30515,GPS,L1,7,142,17
21023,30515,Galileo,L5,7,320,12
21026,30515,Galileo,L5,6,307,14
20023,30515,Galileo,L1,7,320,18
30022,30515,BeiDou,L1,7,241,14
10002,30516,GPS,L1,7,142,15
21023,30516,Galileo,L5,7,320,12
21026,30516,Galileo,L5,6,307,14
20023,30516,Galileo,L1,7,320,18
30022,30516,BeiDou,L1,7,241,14
10002,30517,GPS,L1,7,142,14
21023,30517,Galileo,L5,7,320,12
21026,30517,Galileo,L5,6,307,14
20023,30517,Galileo,L1,7,320,18
30022,30517,BeiDou,L1,7,241,14
10002,30518,GPS,L1,7,142,14
21023,30518,Galileo,L5,7,320,12
21026,30518,Galileo,L5,6,307,14
20023,30518,Galileo,L1,7,320,18
30022,30518,BeiDou,L1,7,241,13
10002,30519,GPS,L1,7,142,16
21023,30519,Galileo,L5,7,320,13
21026,30519,Galileo,L5,6,307,14
20023,30519,Galileo,L1,7,320,18
30022,30519,BeiDou,L1,7,241,13
10002,30520,GPS,L1,7,142,14
21023,30520,Galileo,L5,7,320,14
21026,30520,Galileo,L5,6,307,15
20023,30520,Galileo,L1,7,320,18
30022,30520,BeiDou,L1,7,241,13
10002,30521,GPS,L1,7,142,14
21023,30521,Galileo,L5,7,320,15
21026,30521,Galileo,L5,6,307,15
20023,30521,Galileo,L1,7,320,18
30022,30521,BeiDou,L1,7,241,13
10002,30522,GPS,L1,7,142,18
21023,30522,Galileo,L5,7,320,15
21026,30522,Galileo,L5,6,307,15
20023,30522,Galileo,L1,7,320,18
30022,30522,BeiDou,L1,7,241,13
10002,30523,GPS,L1,7,142,17
21023,30523,Galileo,L5,7,320,15
21026,30523,Galileo,L5,6,307,16
20023,30523,Galileo,L1,7,320,18
30022,30523,BeiDou,L1,7,241,13
10002,30524,GPS,L1,7,142,17
21023,30524,Galileo,L5,7,320,14
21026,30524,Galileo,L5,6,307,17
20023,30524,Galileo,L1,7,320,17
30022,30524,BeiDou,L1,7,241,14
10002,30525,GPS,L1,7,142,16
21023,30525,Galileo,L5,7,320,13
21026,30525,Galileo,L5,6,307,17
20023,30525,Galileo,L1,7,320,17
30022,30525,BeiDou,L1,7,241,15
10002,30526,GPS,L1,7,142,15
21023,30526,Galileo,L5,7,320,12
21026,30526,Galileo,L5,6,307,17
20023,30526,Galileo,L1,7,320,17
30022,30526,BeiDou,L1,7,241,16
10002,30527,GPS,L1,7,142,16
21023,30527,Galileo,L5,7,320,12
21026,30527,Galileo,L5,6,307,16
20023,30527,Galileo,L1,7,320,17
30022,30527,BeiDou,L1,7,241,16
10002,30528,GPS,L1,7,142,16
21023,30528,Galileo,L5,7,320,12
21026,30528,Galileo,L5,6,307,15
20023,30528,Galileo,L1,7,320,17
30022,30528,BeiDou,L1,7,241,16
10002,30529,GPS,L1,7,142,16
21023,30529,Galileo,L5,7,320,12
21026,30529,Galileo,L5,6,307,13
20023,30529,Galileo,L1,7,320,17
30022,30529,BeiDou,L1,7,241,16
10002,30530,GPS,L1,7,142,16
21023,30530,Galileo,L5,7,320,12
21026,30530,Galileo,L5,6,307,12
20023,30530,Galileo,L1,7,320,16
30022,30530,BeiDou,L1,7,241,15
10002,30531,GPS,L1,7,142,15
21023,30531,Galileo,L5,7,320,12
21026,30531,Galileo,L5,6,307,11
20023,30531,Galileo,L1,7,320,15
30022,30531,BeiDou,L1,7,241,15
10002,30532,GPS,L1,7,142,15
21023,30532,Galileo,L5,7,320,11
20023,30532,Galileo,L1,7,320,15
30022,30532,BeiDou,L1,7,241,15
10002,30533,GPS,L1,7,142,14
21023,30533,Galileo,L5,7,320,11
20023,30533,Galileo,L1,7,320,16
30022,30533,BeiDou,L1,7,241,15
10002,30534,GPS,L1,7,142,14
21023,30534,Galileo,L5,7,320,11
20023,30534,Galileo,L1,7,320,16
30022,30534,BeiDou,L1,7,241,15
10002,30535,GPS,L1,7,142,15
21023,30535,Galileo,L5,7,320,10
20023,30535,Galileo,L1,7,320,16
30022,30535,BeiDou,L1,7,241,16
10002,30536,GPS,L1,7,142,15
21023,30536,Galileo,L5,7,320,9
20023,30536,Galileo,L1,7,320,16
30022,30536,BeiDou,L1,7,241,17
10002,30537,GPS,L1,7,142,14
21023,30537,Galileo,L5,7,320,8
20023,30537,Galileo,L1,7,320,16
30022,30537,BeiDou,L1,7,241,16
10002,30538,GPS,L1,7,142,14
21023,30538,Galileo,L5,7,320,8
20023,30538,Galileo,L1,7,320,15
30022,30538,BeiDou,L1,7,241,16
10002,30539,GPS,L1,7,142,13
21023,30539,Galileo,L5,7,320,8
20023,30539,Galileo,L1,7,320,15
30022,30539,BeiDou,L1,7,241,16
10002,30540,GPS,L1,7,142,13
21023,30540,Galileo,L5,7,320,8
20023,30540,Galileo,L1,7,320,15
30022,30540,BeiDou,L1,7,241,16
10002,30541,GPS,L1,7,142,13
21023,30541,Galileo,L5,7,320,8
20023,30541,Galileo,L1,7,320,15
30022,30541,BeiDou,L1,7,241,16
10002,30542,GPS,L1,7,142,12
21023,30542,Galileo,L5,7,320,7
20023,30542,Galileo,L1,7,320,11
30022,30542,BeiDou,L1,7,241,16
10002,30543,GPS,L1,7,142,14
21023,30543,Galileo,L5,7,320,7
20023,30543,Galileo,L1,7,320,12
30022,30543,BeiDou,L1,7,241,16
10002,30544,GPS,L1,7,142,13
21023,30544,Galileo,L5,7,320,7
20023,30544,Galileo,L1,7,320,12
30022,30544,BeiDou,L1,7,241,16
21023,30545,Galileo,L5,7,320,6
20023,30545,Galileo,L1,7,320,12
30022,30545,BeiDou,L1,7,241,15
21023,30546,Galileo,L5,7,320,6
20023,30546,Galileo,L1,7,320,12
30022,30546,BeiDou,L1,7,241,14
21023,30547,Galileo,L5,7,320,6
21026,30547,Galileo,L5,6,307,14
20023,30547,Galileo,L1,7,320,11
30022,30547,BeiDou,L1,7,241,14
10002,30548,GPS,L1,7,142,16
21023,30548,Galileo,L5,7,320,7
21026,30548,Galileo,L5,6,307,15
20023,30548,Galileo,L1,7,320,11
30022,30548,BeiDou,L1,7,241,13
10002,30549,GPS,L1,7,142,17
21023,30549,Galileo,L5,7,320,8
21026,30549,Galileo,L5,6,307,15
20023,30549,Galileo,L1,7,320,11
30022,30549,BeiDou,L1,7,241,13
10002,30550,GPS,L1,7,142,15
21023,30550,Galileo,L5,7,320,9
21026,30550,Galileo,L5,6,307,15
20023,30550,Galileo,L1,7,320,11
30022,30550,BeiDou,L1,7,241,12
10002,30551,GPS,L1,7,142,16
21023,30551,Galileo,L5,7,320,9
21026,30551,Galileo,L5,6,307,15
20023,30551,Galileo,L1,7,320,12
30022,30551,BeiDou,L1,7,241,13
10002,30552,GPS,L1,7,142,13
21023,30552,Galileo,L5,7,320,9
21026,30552,Galileo,L5,6,307,15
20023,30552,Galileo,L1,7,320,12
30022,30552,BeiDou,L1,7,241,14
10002,30553,GPS,L1,7,142,13
21023,30553,Galileo,L5,7,320,10
21026,30553,Galileo,L5,6,307,16
20023,30553,Galileo,L1,7,320,9
30022,30553,BeiDou,L1,7,241,15
10002,30554,GPS,L1,7,142,15
21023,30554,Galileo,L5,7,320,10
21026,30554,Galileo,L5,6,307,17
20023,30554,Galileo,L1,7,320,11
30022,30554,BeiDou,L1,7,241,15
10002,30555,GPS,L1,7,142,15
21023,30555,Galileo,L5,7,320,10
21026,30555,Galileo,L5,6,307,16
20023,30555,Galileo,L1,7,320,11
30022,30555,BeiDou,L1,7,241,16
10002,30556,GPS,L1,7,142,16
21023,30556,Galileo,L5,7,320,10
21026,30556,Galileo,L5,6,307,16
20023,30556,Galileo,L1,7,320,11
30022,30556,BeiDou,L1,7,241,16
10002,30557,GPS,L1,7,142,15
21023,30557,Galileo,L5,7,320,10
21026,30557,Galileo,L5,6,307,16
20023,30557,Galileo,L1,7,320,11
30022,30557,BeiDou,L1,7,241,16
10002,30558,GPS,L1,7,142,15
21023,30558,Galileo,L5,7,320,10
21026,30558,Galileo,L5,6,307,16
20023,30558,Galileo,L1,7,320,11
30022,30558,BeiDou,L1,7,241,16
10002,30559,GPS,L1,7,142,15
21023,30559,Galileo,L5,7,320,10
21026,30559,Galileo,L5,6,307,14
20023,30559,Galileo,L1,7,320,10
30022,30559,BeiDou,L1,7,241,16
10002,30560,GPS,L1,7,142,14
21023,30560,Galileo,L5,7,320,10
21026,30560,Galileo,L5,6,307,13
20023,30560,Galileo,L1,7,320,9
30022,30560,BeiDou,L1,7,241,16
10002,30561,GPS,L1,7,142,14
21023,30561,Galileo,L5,7,320,10
21026,30561,Galileo,L5,6,307,12
20023,30561,Galileo,L1,7,320,9
30022,30561,BeiDou,L1,7,241,16
10002,30562,GPS,L1,7,142,15
21023,30562,Galileo,L5,7,320,10
21026,30562,Galileo,L5,6,307,11
20023,30562,Galileo,L1,7,320,11
30022,30562,BeiDou,L1,7,241,15
10002,30563,GPS,L1,7,142,16
21023,30563,Galileo,L5,7,320,10
21026,30563,Galileo,L5,6,307,10
20023,30563,Galileo,L1,7,320,9
30022,30563,BeiDou,L1,7,241,15
10002,30564,GPS,L1,7,142,16
21023,30564,Galileo,L5,7,320,9
21026,30564,Galileo,L5,6,307,9
20023,30564,Galileo,L1,7,320,7
30022,30564,BeiDou,L1,7,241,16
10002,30565,GPS,L1,7,142,15
21023,30565,Galileo,L5,7,320,8
21026,30565,Galileo,L5,6,307,8
20023,30565,Galileo,L1,7,320,6
30022,30565,BeiDou,L1,7,241,16
10002,30566,GPS,L1,7,142,15
21023,30566,Galileo,L5,7,320,8
21026,30566,Galileo,L5,6,307,7
20023,30566,Galileo,L1,7,320,8
30022,30566,BeiDou,L1,7,241,16
10002,30567,GPS,L1,7,142,15
21023,30567,Galileo,L5,6,319,8
21026,30567,Galileo,L5,6,307,7
20023,30567,Galileo,L1,6,319,7
30022,30567,BeiDou,L1,7,241,16
10002,30568,GPS,L1,7,142,15
21023,30568,Galileo,L5,6,319,8
21026,30568,Galileo,L5,6,307,7
20023,30568,Galileo,L1,6,319,6
30022,30568,BeiDou,L1,7,241,17
10002,30569,GPS,L1,7,142,15
21023,30569,Galileo,L5,6,319,8
21026,30569,Galileo,L5,6,307,7
20023,30569,Galileo,L1,6,319,8
30022,30569,BeiDou,L1,7,241,17
10002,30570,GPS,L1,7,142,15
21026,30570,Galileo,L5,7,307,8
21023,30570,Galileo,L5,6,319,9
20023,30570,Galileo,L1,6,319,8
30022,30570,BeiDou,L1,7,241,17
10002,30571,GPS,L1,7,142,15
21026,30571,Galileo,L5,7,307,8
21023,30571,Galileo,L5,6,319,9
20023,30571,Galileo,L1,6,319,8
30022,30571,BeiDou,L1,7,241,18
10002,30572,GPS,L1,7,142,15
21026,30572,Galileo,L5,7,307,8
21023,30572,Galileo,L5,6,319,8
20023,30572,Galileo,L1,6,319,8
30022,30572,BeiDou,L1,7,241,19
10002,30573,GPS,L1,7,142,15
21026,30573,Galileo,L5,7,307,8
21023,30573,Galileo,L5,6,319,8
20023,30573,Galileo,L1,6,319,6
30022,30573,BeiDou,L1,7,241,18
10002,30574,GPS,L1,7,142,17
21026,30574,Galileo,L5,7,307,8
21023,30574,Galileo,L5,6,319,8
20023,30574,Galileo,L1,6,319,8
30022,30574,BeiDou,L1,7,241,18
10002,30575,GPS,L1,7,142,17
21026,30575,Galileo,L5,7,307,8
21023,30575,Galileo,L5,6,319,8
20023,30575,Galileo,L1,6,319,7
30022,30575,BeiDou,L1,7,241,18
10002,30576,GPS,L1,7,142,17
21026,30576,Galileo,L5,7,307,8
21023,30576,Galileo,L5,6,319,8
20023,30576,Galileo,L1,6,319,7
30022,30576,BeiDou,L1,7,241,17
10002,30577,GPS,L1,7,142,17
21026,30577,Galileo,L5,7,307,8
21023,30577,Galileo,L5,6,319,8
20023,30577,Galileo,L1,6,319,8
30022,30577,BeiDou,L1,7,241,17
10002,30578,GPS,L1,7,142,17
21026,30578,Galileo,L5,7,307,8
21023,30578,Galileo,L5,6,319,8
20023,30578,Galileo,L1,6,319,6
30022,30578,BeiDou,L1,7,241,16
10002,30579,GPS,L1,7,142,17
21026,30579,Galileo,L5,7,307,7
21023,30579,Galileo,L5,6,319,9
20023,30579,Galileo,L1,6,319,6
30022,30579,BeiDou,L1,7,241,15
10002,30580,GPS,L1,7,142,17
21026,30580,Galileo,L5,7,307,7
21023,30580,Galileo,L5,6,319,9
20023,30580,Galileo,L1,6,319,5
30022,30580,BeiDou,L1,7,241,15
10002,30581,GPS,L1,7,142,17
21026,30581,Galileo,L5,7,307,6
21023,30581,Galileo,L5,6,319,9
20023,30581,Galileo,L1,6,319,7
30022,30581,BeiDou,L1,7,241,14
10002,30582,GPS,L1,7,142,17
21026,30582,Galileo,L5,7,307,5
21023,30582,Galileo,L5,6,319,10
20023,30582,Galileo,L1,6,319,6
30022,30582,BeiDou,L1,7,241,14
10002,30583,GPS,L1,7,142,17
21026,30583,Galileo,L5,7,307,6
21023,30583,Galileo,L5,6,319,10
20023,30583,Galileo,L1,6,319,5
30022,30583,BeiDou,L1,7,241,14
10002,30584,GPS,L1,7,142,17
21026,30584,Galileo,L5,7,307,6
21023,30584,Galileo,L5,6,319,10
20023,30584,Galileo,L1,6,319,5
30022,30584,BeiDou,L1,7,241,15
10002,30585,GPS,L1,7,142,17
21026,30585,Galileo,L5,7,307,6
21023,30585,Galileo,L5,6,319,10
20023,30585,Galileo,L1,6,319,4
30022,30585,BeiDou,L1,7,241,15
10002,30586,GPS,L1,7,142,17
21026,30586,Galileo,L5,7,307,6
21023,30586,Galileo,L5,6,319,9
20023,30586,Galileo,L1,6,319,3
30022,30586,BeiDou,L1,7,241,15
10002,30587,GPS,L1,7,142,17
21026,30587,Galileo,L5,7,307,7
21023,30587,Galileo,L5,6,319,8
20023,30587,Galileo,L1,6,319,4
30022,30587,BeiDou,L1,7,241,16
10002,30588,GPS,L1,7,142,17
21026,30588,Galileo,L5,7,307,7
21023,30588,Galileo,L5,6,319,8
20023,30588,Galileo,L1,6,319,7
30022,30588,BeiDou,L1,7,241,16
10002,30589,GPS,L1,7,142,17
21026,30589,Galileo,L5,7,307,7
21023,30589,Galileo,L5,6,319,8
30022,30589,BeiDou,L1,7,241,16
10002,30590,GPS,L1,7,142,13
21026,30590,Galileo,L5,7,307,8
21023,30590,Galileo,L5,6,319,8
30022,30590,BeiDou,L1,7,241,16
10002,30591,GPS,L1,7,142,15
21026,30591,Galileo,L5,7,307,8
21023,30591,Galileo,L5,6,319,8
30022,30591,BeiDou,L1,7,241,15
10002,30592,GPS,L1,7,142,16
21026,30592,Galileo,L5,7,307,8
21023,30592,Galileo,L5,6,319,8
30022,30592,BeiDou,L1,7,241,14
10002,30593,GPS,L1,7,142,16
21026,30593,Galileo,L5,7,307,9
21023,30593,Galileo,L5,6,319,8
30022,30593,BeiDou,L1,7,241,14
10002,30594,GPS,L1,7,142,13
21026,30594,Galileo,L5,7,307,9
21023,30594,Galileo,L5,6,319,8
30022,30594,BeiDou,L1,7,241,14
10002,30595,GPS,L1,7,142,15
21026,30595,Galileo,L5,7,307,9
21023,30595,Galileo,L5,6,319,8
30022,30595,BeiDou,L1,7,241,14
10002,30596,GPS,L1,7,142,14
21023,30596,Galileo,L5,6,319,8
30022,30596,BeiDou,L1,7,241,13
10002,30597,GPS,L1,7,142,15
21023,30597,Galileo,L5,6,319,8
30022,30597,BeiDou,L1,7,241,12
10002,30598,GPS,L1,7,142,16
21023,30598,Galileo,L5,6,319,8
30022,30598,BeiDou,L1,7,241,12
10002,30599,GPS,L1,7,142,14
21023,30599,Galileo,L5,6,319,8
30022,30599,BeiDou,L1,7,241,12
10002,30600,GPS,L1,7,142,15
21023,30600,Galileo,L5,6,319,9
30022,30600,BeiDou,L1,7,241,12
10002,30601,GPS,L1,7,142,13
21023,30601,Galileo,L5,6,319,9
30022,30601,BeiDou,L1,7,241,13
10002,30602,GPS,L1,7,142,14
21023,30602,Galileo,L5,6,319,9
30022,30602,BeiDou,L1,7,241,14
10002,30603,GPS,L1,7,142,14
21023,30603,Galileo,L5,6,319,9
30022,30603,BeiDou,L1,7,241,15
10002,30604,GPS,L1,7,142,14
21023,30604,Galileo,L5,6,319,9
30022,30604,BeiDou,L1,7,241,15
10002,30605,GPS,L1,7,142,13
21023,30605,Galileo,L5,6,319,9
30022,30605,BeiDou,L1,7,241,15
10002,30606,GPS,L1,7,142,17
21023,30606,Galileo,L5,6,319,9
30022,30606,BeiDou,L1,7,241,14
10002,30607,GPS,L1,7,142,17
21023,30607,Galileo,L5,6,319,9
30022,30607,BeiDou,L1,7,241,13
10002,30608,GPS,L1,7,142,18
21023,30608,Galileo,L5,6,319,9
30022,30608,BeiDou,L1,7,241,12
10002,30609,GPS,L1,7,142,17
21023,30609,Galileo,L5,6,319,9
30022,30609,BeiDou,L1,7,241,12
10002,30610,GPS,L1,7,142,16
21023,30610,Galileo,L5,6,319,10
30022,30610,BeiDou,L1,7,241,12
10002,30611,GPS,L1,7,142,17
21023,30611,Galileo,L5,6,319,10
30022,30611,BeiDou,L1,7,241,12
10002,30612,GPS,L1,7,142,16
21026,30612,Galileo,L5,7,307,13
21023,30612,Galileo,L5,6,319,10
30022,30612,BeiDou,L1,7,241,13
10002,30613,GPS,L1,7,142,15
21026,30613,Galileo,L5,7,307,12
21023,30613,Galileo,L5,6,319,10
30022,30613,BeiDou,L1,7,241,13
10002,30614,GPS,L1,7,142,15
21026,30614,Galileo,L5,7,307,13
21023,30614,Galileo,L5,6,319,11
30022,30614,BeiDou,L1,7,241,12
10002,30615,GPS,L1,7,142,15
21026,30615,Galileo,L5,7,307,12
21023,30615,Galileo,L5,6,319,11
30022,30615,BeiDou,L1,7,241,13
10002,30616,GPS,L1,7,142,14
21026,30616,Galileo,L5,7,307,11
21023,30616,Galileo,L5,6,319,10
30022,30616,BeiDou,L1,7,241,13
10002,30617,GPS,L1,7,142,15
21026,30617,Galileo,L5,7,307,11
21023,30617,Galileo,L5,6,319,9
30022,30617,BeiDou,L1,7,241,13
10002,30618,GPS,L1,7,142,16
21026,30618,Galileo,L5,7,307,11
21023,30618,Galileo,L5,6,319,9
30022,30618,BeiDou,L1,7,241,13
10002,30619,GPS,L1,7,142,17
21026,30619,Galileo,L5,7,307,11
21023,30619,Galileo,L5,6,319,9
30022,30619,BeiDou,L1,7,241,13
10002,30620,GPS,L1,7,142,15
21026,30620,Galileo,L5,7,307,11
21023,30620,Galileo,L5,6,319,9
30022,30620,BeiDou,L1,7,241,13
10002,30621,GPS,L1,7,142,15
21026,30621,Galileo,L5,7,307,11
21023,30621,Galileo,L5,6,319,10
30022,30621,BeiDou,L1,7,241,14
10002,30622,GPS,L1,7,142,15
21026,30622,Galileo,L5,7,307,11
21023,30622,Galileo,L5,6,319,10
30022,30622,BeiDou,L1,7,241,14
10002,30623,GPS,L1,7,142,12
21026,30623,Galileo,L5,7,307,11
21023,30623,Galileo,L5,6,319,10
30022,30623,BeiDou,L1,7,241,14
10002,30624,GPS,L1,7,142,14
21026,30624,Galileo,L5,7,307,11
21023,30624,Galileo,L5,6,319,10
30022,30624,BeiDou,L1,7,241,15
10002,30625,GPS,L1,7,142,14
21026,30625,Galileo,L5,7,307,12
21023,30625,Galileo,L5,6,319,10
30022,30625,BeiDou,L1,7,241,15
10002,30626,GPS,L1,7,142,15
21026,30626,Galileo,L5,7,307,13
21023,30626,Galileo,L5,6,319,10
30022,30626,BeiDou,L1,8,241,15
10002,30627,GPS,L1,7,142,15
21026,30627,Galileo,L5,7,307,14
21023,30627,Galileo,L5,6,319,11
30022,30627,BeiDou,L1,8,241,15
10002,30628,GPS,L1,7,142,14
21026,30628,Galileo,L5,7,307,15
21023,30628,Galileo,L5,6,319,11
30022,30628,BeiDou,L1,8,241,16
10002,30629,GPS,L1,7,142,17
21026,30629,Galileo,L5,7,307,15
21023,30629,Galileo,L5,6,319,12
30022,30629,BeiDou,L1,8,241,16
10002,30630,GPS,L1,7,142,16
21026,30630,Galileo,L5,7,307,15
21023,30630,Galileo,L5,6,319,13
30022,30630,BeiDou,L1,8,241,16
10002,30631,GPS,L1,7,142,14
21026,30631,Galileo,L5,7,307,15
21023,30631,Galileo,L5,6,319,13
30022,30631,BeiDou,L1,8,241,16
10002,30632,GPS,L1,7,142,13
21026,30632,Galileo,L5,7,307,16
21023,30632,Galileo,L5,6,319,14
30022,30632,BeiDou,L1,8,241,16
10002,30633,GPS,L1,7,142,14
21026,30633,Galileo,L5,7,307,16
21023,30633,Galileo,L5,6,319,14
30022,30633,BeiDou,L1,8,241,17
10002,30634,GPS,L1,7,142,13
21026,30634,Galileo,L5,7,307,16
21023,30634,Galileo,L5,6,319,14
30022,30634,BeiDou,L1,8,241,17
10002,30635,GPS,L1,7,142,14
21026,30635,Galileo,L5,7,307,16
21023,30635,Galileo,L5,6,319,13
30022,30635,BeiDou,L1,8,241,17
10002,30636,GPS,L1,7,142,16
21026,30636,Galileo,L5,7,307,16
21023,30636,Galileo,L5,6,319,13
30022,30636,BeiDou,L1,8,241,17
10002,30637,GPS,L1,7,142,15
21026,30637,Galileo,L5,7,307,15
21023,30637,Galileo,L5,6,319,13
30022,30637,BeiDou,L1,8,241,17
10002,30638,GPS,L1,7,142,14
21026,30638,Galileo,L5,7,307,14
21023,30638,Galileo,L5,6,319,12
30022,30638,BeiDou,L1,8,241,17
10002,30639,GPS,L1,7,142,12
21026,30639,Galileo,L5,7,307,14
21023,30639,Galileo,L5,6,319,12
30022,30639,BeiDou,L1,8,241,17
10002,30640,GPS,L1,7,142,15
21026,30640,Galileo,L5,7,307,14
21023,30640,Galileo,L5,6,319,10
30022,30640,BeiDou,L1,8,241,16
10002,30641,GPS,L1,7,142,12
21026,30641,Galileo,L5,7,307,14
21023,30641,Galileo,L5,6,319,9
30022,30641,BeiDou,L1,8,241,15
10002,30642,GPS,L1,7,142,15
21026,30642,Galileo,L5,7,307,14
21023,30642,Galileo,L5,6,319,9
30022,30642,BeiDou,L1,8,241,14
10002,30643,GPS,L1,7,142,15
21026,30643,Galileo,L5,7,307,13
21023,30643,Galileo,L5,6,319,8
30022,30643,BeiDou,L1,8,241,14
10002,30644,GPS,L1,7,142,17
21026,30644,Galileo,L5,7,307,13
21023,30644,Galileo,L5,6,319,8
30022,30644,BeiDou,L1,8,241,13
10002,30645,GPS,L1,7,142,17
21026,30645,Galileo,L5,7,307,13
21023,30645,Galileo,L5,6,319,8
30022,30645,BeiDou,L1,8,241,13
10002,30646,GPS,L1,7,142,17
21026,30646,Galileo,L5,7,307,13
21023,30646,Galileo,L5,6,319,8
30022,30646,BeiDou,L1,8,241,13
10002,30647,GPS,L1,7,142,17
21026,30647,Galileo,L5,7,307,14
21023,30647,Galileo,L5,6,319,8
30022,30647,BeiDou,L1,8,241,13
10002,30648,GPS,L1,7,142,17
21026,30648,Galileo,L5,7,307,14
21023,30648,Galileo,L5,6,319,7
30022,30648,BeiDou,L1,8,241,14
10002,30649,GPS,L1,7,142,17
21026,30649,Galileo,L5,7,307,14
21023,30649,Galileo,L5,6,319,7
30022,30649,BeiDou,L1,8,241,14
10002,30650,GPS,L1,7,142,17
21026,30650,Galileo,L5,7,307,14
21023,30650,Galileo,L5,6,319,7
30022,30650,BeiDou,L1,8,241,14
10002,30651,GPS,L1,7,142,17
21026,30651,Galileo,L5,7,307,14
21023,30651,Galileo,L5,6,319,7
30022,30651,BeiDou,L1,8,241,14
10002,30652,GPS,L1,7,142,17
21026,30652,Galileo,L5,7,307,14
21023,30652,Galileo,L5,6,319,7
30022,30652,BeiDou,L1,8,241,14
10002,30653,GPS,L1,7,142,17
21026,30653,Galileo,L5,7,307,14
21023,30653,Galileo,L5,6,319,7
30022,30653,BeiDou,L1,8,241,14
10002,30654,GPS,L1,7,142,17
21026,30654,Galileo,L5,7,307,14
21023,30654,Galileo,L5,6,319,7
30022,30654,BeiDou,L1,8,241,14
10002,30655,GPS,L1,7,142,17
21026,30655,Galileo,L5,7,307,13
21023,30655,Galileo,L5,6,319,7
30022,30655,BeiDou,L1,8,241,14
10002,30656,GPS,L1,7,142,17
10011,30656,GPS,L1,2,310,14
21026,30656,Galileo,L5,7,307,12
21023,30656,Galileo,L5,6,319,7
30022,30656,BeiDou,L1,8,241,14
10002,30657,GPS,L1,7,142,16
10011,30657,GPS,L1,2,310,14
30022,30657,BeiDou,L1,8,241,14
10002,30658,GPS,L1,7,142,15
10011,30658,GPS,L1,2,310,14
30022,30658,BeiDou,L1,8,241,15
10002,30659,GPS,L1,7,142,16
10011,30659,GPS,L1,2,310,14
30022,30659,BeiDou,L1,8,241,15
10002,30660,GPS,L1,7,142,17
10011,30660,GPS,L1,2,310,14
30022,30660,BeiDou,L1,8,241,15
10002,30661,GPS,L1,7,142,17
10011,30661,GPS,L1,2,310,13
30022,30661,BeiDou,L1,8,241,15
10002,30662,GPS,L1,7,142,17
10011,30662,GPS,L1,2,310,12
30022,30662,BeiDou,L1,8,241,14
10002,30663,GPS,L1,7,142,17
10011,30663,GPS,L1,2,310,10
30022,30663,BeiDou,L1,8,241,14
10002,30664,GPS,L1,7,142,17
10011,30664,GPS,L1,2,310,13
30022,30664,BeiDou,L1,8,241,14
10002,30665,GPS,L1,7,142,17
10011,30665,GPS,L1,2,310,11
30022,30665,BeiDou,L1,8,241,14
10002,30666,GPS,L1,7,142,17
10011,30666,GPS,L1,2,310,13
30022,30666,BeiDou,L1,8,241,13
10002,30667,GPS,L1,7,142,16
10011,30667,GPS,L1,2,310,12
30022,30667,BeiDou,L1,8,241,13
10002,30668,GPS,L1,7,142,12
10011,30668,GPS,L1,2,310,14
30022,30668,BeiDou,L1,8,241,13
10002,30669,GPS,L1,6,142,14
10011,30669,GPS,L1,2,310,14
30022,30669,BeiDou,L1,8,241,13
10002,30670,GPS,L1,6,142,14
10011,30670,GPS,L1,2,310,11
30022,30670,BeiDou,L1,8,241,13
10002,30671,GPS,L1,6,142,15
30022,30671,BeiDou,L1,8,241,13
10002,30672,GPS,L1,6,142,15
30022,30672,BeiDou,L1,8,241,13
10002,30673,GPS,L1,6,142,15
30022,30673,BeiDou,L1,8,241,13
10002,30674,GPS,L1,6,142,14
30022,30674,BeiDou,L1,8,241,13
10002,30675,GPS,L1,6,142,15
11011,30675,GPS,L5,2,310,12
30022,30675,BeiDou,L1,8,241,13
10002,30676,GPS,L1,6,142,14
11011,30676,GPS,L5,2,310,11
30022,30676,BeiDou,L1,8,241,13
10002,30677,GPS,L1,6,142,15
11011,30677,GPS,L5,2,310,10
30022,30677,BeiDou,L1,8,241,13
10002,30678,GPS,L1,6,142,14
11011,30678,GPS,L5,3,310,9
30022,30678,BeiDou,L1,8,241,13
10002,30679,GPS,L1,6,142,13
11011,30679,GPS,L5,3,310,8
30022,30679,BeiDou,L1,8,241,13
10002,30680,GPS,L1,6,142,12
11011,30680,GPS,L5,3,310,4
30022,30680,BeiDou,L1,8,241,14
10002,30681,GPS,L1,6,142,12
11011,30681,GPS,L5,3,310,6
30022,30681,BeiDou,L1,8,241,14
10002,30682,GPS,L1,6,142,14
11011,30682,GPS,L5,3,310,4
21023,30682,Galileo,L5,6,319,15
30022,30682,BeiDou,L1,8,241,15
10002,30683,GPS,L1,6,142,13
11011,30683,GPS,L5,3,310,6
21023,30683,Galileo,L5,6,319,15
30022,30683,BeiDou,L1,8,241,16
10002,30684,GPS,L1,6,142,14
11011,30684,GPS,L5,3,310,7
21026,30684,Galileo,L5,7,307,18
21023,30684,Galileo,L5,6,319,16
30022,30684,BeiDou,L1,8,241,16
10002,30685,GPS,L1,6,142,14
11011,30685,GPS,L5,3,310,9
21026,30685,Galileo,L5,7,307,18
21023,30685,Galileo,L5,6,319,16
30022,30685,BeiDou,L1,8,241,16
10002,30686,GPS,L1,6,142,14
11011,30686,GPS,L5,3,310,10
21023,30686,Galileo,L5,6,319,16
30022,30686,BeiDou,L1,8,241,16
10002,30687,GPS,L1,6,142,13
11011,30687,GPS,L5,3,310,8
21023,30687,Galileo,L5,6,319,17
30022,30687,BeiDou,L1,8,241,16
10002,30688,GPS,L1,6,142,14
11011,30688,GPS,L5,3,310,8
21026,30688,Galileo,L5,7,307,18
21023,30688,Galileo,L5,6,319,17
30022,30688,BeiDou,L1,8,241,16
10002,30689,GPS,L1,6,142,12
11011,30689,GPS,L5,3,310,9
21026,30689,Galileo,L5,7,307,18
21023,30689,Galileo,L5,6,319,15
30022,30689,BeiDou,L1,8,241,15
10002,30690,GPS,L1,6,142,12
11011,30690,GPS,L5,3,310,9
21026,30690,Galileo,L5,7,307,18
21023,30690,Galileo,L5,6,319,15
30022,30690,BeiDou,L1,8,241,15
10002,30691,GPS,L1,6,142,13
11011,30691,GPS,L5,3,310,7
21026,30691,Galileo,L5,7,307,16
21023,30691,Galileo,L5,6,319,15
30022,30691,BeiDou,L1,8,241,15
10002,30692,GPS,L1,6,142,14
11011,30692,GPS,L5,3,310,8
21026,30692,Galileo,L5,7,307,15
21023,30692,Galileo,L5,6,319,15
30022,30692,BeiDou,L1,8,241,15
10002,30693,GPS,L1,6,142,15
11011,30693,GPS,L5,3,310,8
21026,30693,Galileo,L5,7,307,16
21023,30693,Galileo,L5,6,319,15
30022,30693,BeiDou,L1,8,241,15
10002,30694,GPS,L1,6,142,15
11011,30694,GPS,L5,3,310,7
21026,30694,Galileo,L5,7,307,17
21023,30694,Galileo,L5,6,319,15
30022,30694,BeiDou,L1,8,241,15
10002,30695,GPS,L1,6,142,15
11011,30695,GPS,L5,3,310,6
21026,30695,Galileo,L5,7,307,17
21023,30695,Galileo,L5,6,319,15
30022,30695,BeiDou,L1,8,241,15
10002,30696,GPS,L1,6,142,15
11011,30696,GPS,L5,3,310,7
21026,30696,Galileo,L5,7,307,17
21023,30696,Galileo,L5,6,319,15
30022,30696,BeiDou,L1,8,241,16
10002,30697,GPS,L1,6,142,13
11011,30697,GPS,L5,3,310,7
21026,30697,Galileo,L5,7,307,16
21023,30697,Galileo,L5,6,319,15
30022,30697,BeiDou,L1,8,241,17
10002,30698,GPS,L1,6,142,13
11011,30698,GPS,L5,3,310,8
21026,30698,Galileo,L5,7,307,17
21023,30698,Galileo,L5,6,319,16
30022,30698,BeiDou,L1,8,241,17
10002,30699,GPS,L1,6,142,15
11011,30699,GPS,L5,3,310,6
21026,30699,Galileo,L5,7,307,17
21023,30699,Galileo,L5,6,319,16
30022,30699,BeiDou,L1,8,241,17
10002,30700,GPS,L1,6,142,15
11011,30700,GPS,L5,3,310,8
21026,30700,Galileo,L5,7,307,17
21023,30700,Galileo,L5,6,319,16
30022,30700,BeiDou,L1,8,241,17
10002,30701,GPS,L1,6,142,15
11011,30701,GPS,L5,3,310,8
21026,30701,Galileo,L5,7,307,17
21023,30701,Galileo,L5,6,319,16
30022,30701,BeiDou,L1,8,241,17
10002,30702,GPS,L1,6,142,14
11011,30702,GPS,L5,3,310,8
21026,30702,Galileo,L5,7,307,17
21023,30702,Galileo,L5,6,319,16
30022,30702,BeiDou,L1,8,241,17
10002,30703,GPS,L1,6,142,14
11011,30703,GPS,L5,3,310,7
21026,30703,Galileo,L5,7,307,17
21023,30703,Galileo,L5,6,319,16
30022,30703,BeiDou,L1,8,241,17
10002,30704,GPS,L1,6,142,13
11011,30704,GPS,L5,3,310,5
21026,30704,Galileo,L5,7,307,17
21023,30704,Galileo,L5,6,319,17
30022,30704,BeiDou,L1,8,241,17
10002,30705,GPS,L1,6,142,13
11011,30705,GPS,L5,3,310,7
21026,30705,Galileo,L5,7,307,17
21023,30705,Galileo,L5,6,319,17
30022,30705,BeiDou,L1,8,241,17
10002,30706,GPS,L1,6,142,13
11011,30706,GPS,L5,3,310,7
21026,30706,Galileo,L5,7,307,17
21023,30706,Galileo,L5,6,319,17
30022,30706,BeiDou,L1,8,241,17
10002,30707,GPS,L1,6,142,15
11011,30707,GPS,L5,3,310,5
21026,30707,Galileo,L5,7,307,17
21023,30707,Galileo,L5,6,319,17
30022,30707,BeiDou,L1,8,241,17
10002,30708,GPS,L1,6,142,13
11011,30708,GPS,L5,3,310,4
21026,30708,Galileo,L5,7,307,17
21023,30708,Galileo,L5,6,319,17
30022,30708,BeiDou,L1,8,241,17
10002,30709,GPS,L1,6,142,14
11011,30709,GPS,L5,3,310,4
21026,30709,Galileo,L5,7,307,17
21023,30709,Galileo,L5,6,319,17
30022,30709,BeiDou,L1,8,241,17
10002,30710,GPS,L1,6,142,14
11011,30710,GPS,L5,3,310,5
21026,30710,Galileo,L5,7,307,17
21023,30710,Galileo,L5,6,319,17
30022,30710,BeiDou,L1,8,241,18
10002,30711,GPS,L1,6,142,13
21026,30711,Galileo,L5,7,307,16
21023,30711,Galileo,L5,6,319,17
30022,30711,BeiDou,L1,8,241,18
10002,30712,GPS,L1,6,142,15
21026,30712,Galileo,L5,7,307,16
21023,30712,Galileo,L5,6,319,17
30022,30712,BeiDou,L1,8,241,18
10002,30713,GPS,L1,6,142,13
21026,30713,Galileo,L5,7,307,16
21023,30713,Galileo,L5,6,319,17
30022,30713,BeiDou,L1,8,241,19
10002,30714,GPS,L1,6,142,13
21026,30714,Galileo,L5,7,307,16
21023,30714,Galileo,L5,6,319,17
30022,30714,BeiDou,L1,8,241,19
10002,30715,GPS,L1,6,142,12
21026,30715,Galileo,L5,7,307,16
21023,30715,Galileo,L5,6,319,17
30022,30715,BeiDou,L1,8,241,19
10002,30716,GPS,L1,6,142,14
21026,30716,Galileo,L5,7,307,16
21023,30716,Galileo,L5,6,319,17
30022,30716,BeiDou,L1,8,241,19
10002,30717,GPS,L1,6,142,17
21026,30717,Galileo,L5,7,307,17
21023,30717,Galileo,L5,6,319,17
30022,30717,BeiDou,L1,8,241,18
10002,30718,GPS,L1,6,142,16
21026,30718,Galileo,L5,7,307,17
21023,30718,Galileo,L5,6,319,17
30022,30718,BeiDou,L1,8,241,18
10002,30719,GPS,L1,6,142,15
21026,30719,Galileo,L5,7,307,17
21023,30719,Galileo,L5,6,319,16
30022,30719,BeiDou,L1,8,241,17
10002,30720,GPS,L1,6,142,17
21026,30720,Galileo,L5,7,307,16
21023,30720,Galileo,L5,6,319,16
30022,30720,BeiDou,L1,8,241,16
10002,30721,GPS,L1,6,142,16
21026,30721,Galileo,L5,7,307,16
21023,30721,Galileo,L5,6,319,16
30022,30721,BeiDou,L1,8,241,15
10002,30722,GPS,L1,6,142,16
21026,30722,Galileo,L5,7,307,16
21023,30722,Galileo,L5,6,319,16
30022,30722,BeiDou,L1,8,241,15
10002,30723,GPS,L1,6,142,16
21026,30723,Galileo,L5,7,307,15
21023,30723,Galileo,L5,6,319,16
30022,30723,BeiDou,L1,8,241,15
10002,30724,GPS,L1,6,142,16
21026,30724,Galileo,L5,7,307,15
21023,30724,Galileo,L5,6,319,16
30022,30724,BeiDou,L1,8,241,16
10002,30725,GPS,L1,6,142,16
21026,30725,Galileo,L5,7,307,15
21023,30725,Galileo,L5,6,319,16
30022,30725,BeiDou,L1,8,241,16
10002,30726,GPS,L1,6,142,16
21026,30726,Galileo,L5,7,307,15
21023,30726,Galileo,L5,6,319,15
30022,30726,BeiDou,L1,8,241,16
10002,30727,GPS,L1,6,142,16
21026,30727,Galileo,L5,7,307,15
21023,30727,Galileo,L5,6,319,14
30022,30727,BeiDou,L1,8,241,16
10002,30728,GPS,L1,6,142,16
21026,30728,Galileo,L5,7,307,14
21023,30728,Galileo,L5,6,319,14
30022,30728,BeiDou,L1,8,241,16
10002,30729,GPS,L1,6,142,16
21026,30729,Galileo,L5,7,307,14
21023,30729,Galileo,L5,6,318,14
30022,30729,BeiDou,L1,8,241,15
10002,30730,GPS,L1,6,142,16
21026,30730,Galileo,L5,7,307,14
21023,30730,Galileo,L5,6,318,14
30022,30730,BeiDou,L1,8,241,14
10002,30731,GPS,L1,6,142,14
21023,30731,Galileo,L5,6,318,14
21026,30731,Galileo,L5,7,307,14
30022,30731,BeiDou,L1,8,241,14
10002,30732,GPS,L1,6,142,17
21023,30732,Galileo,L5,6,318,15
21026,30732,Galileo,L5,7,307,14
30022,30732,BeiDou,L1,8,241,14
10002,30733,GPS,L1,6,142,12
21026,30733,Galileo,L5,7,307,13
21023,30733,Galileo,L5,6,318,15
30022,30733,BeiDou,L1,8,241,14
10002,30734,GPS,L1,6,142,12
21026,30734,Galileo,L5,7,307,13
21023,30734,Galileo,L5,6,318,16
30022,30734,BeiDou,L1,8,241,14
10002,30735,GPS,L1,6,142,12
21026,30735,Galileo,L5,7,307,14
21023,30735,Galileo,L5,6,318,16
30022,30735,BeiDou,L1,8,241,14
10002,30736,GPS,L1,6,142,13
21026,30736,Galileo,L5,7,307,14
21023,30736,Galileo,L5,6,318,16
30022,30736,BeiDou,L1,8,241,14
21026,30737,Galileo,L5,7,307,14
21023,30737,Galileo,L5,6,318,16
30022,30737,BeiDou,L1,8,241,15
21026,30738,Galileo,L5,7,307,14
21023,30738,Galileo,L5,6,318,16
30022,30738,BeiDou,L1,8,241,16
21026,30739,Galileo,L5,7,307,13
21023,30739,Galileo,L5,6,318,16
30022,30739,BeiDou,L1,8,241,17
10002,30740,GPS,L1,6,142,14
21026,30740,Galileo,L5,7,307,13
21023,30740,Galileo,L5,6,318,17
30022,30740,BeiDou,L1,8,241,18
10002,30741,GPS,L1,6,142,16
21026,30741,Galileo,L5,7,307,13
21023,30741,Galileo,L5,6,318,17
30022,30741,BeiDou,L1,8,241,19
10002,30742,GPS,L1,6,142,15
21023,30742,Galileo,L5,6,318,17
30022,30742,BeiDou,L1,8,241,19
10002,30743,GPS,L1,6,142,14
21023,30743,Galileo,L5,6,318,17
30022,30743,BeiDou,L1,8,241,19
10002,30744,GPS,L1,6,142,13
21023,30744,Galileo,L5,6,318,17
30022,30744,BeiDou,L1,8,241,19
10002,30745,GPS,L1,6,142,14
21023,30745,Galileo,L5,6,318,17
30022,30745,BeiDou,L1,8,241,19
10002,30746,GPS,L1,6,142,16
21023,30746,Galileo,L5,6,318,17
30022,30746,BeiDou,L1,8,241,19
10002,30747,GPS,L1,6,142,15
21023,30747,Galileo,L5,6,318,16
30022,30747,BeiDou,L1,8,241,19
10002,30748,GPS,L1,6,142,15
21023,30748,Galileo,L5,6,318,15
30022,30748,BeiDou,L1,8,241,19
10002,30749,GPS,L1,6,142,15
21023,30749,Galileo,L5,6,318,15
30022,30749,BeiDou,L1,8,241,19
10002,30750,GPS,L1,6,142,15
21023,30750,Galileo,L5,6,318,15
30022,30750,BeiDou,L1,8,241,19
10002,30751,GPS,L1,6,142,14
21023,30751,Galileo,L5,6,318,15
30022,30751,BeiDou,L1,8,241,19
10002,30752,GPS,L1,6,142,16
21023,30752,Galileo,L5,6,318,15
30022,30752,BeiDou,L1,8,241,19
10002,30753,GPS,L1,6,142,16
21023,30753,Galileo,L5,6,318,15
30022,30753,BeiDou,L1,8,241,20
10002,30754,GPS,L1,6,142,14
21023,30754,Galileo,L5,6,318,15
30022,30754,BeiDou,L1,8,241,20
10002,30755,GPS,L1,6,142,14
21023,30755,Galileo,L5,6,318,15
30022,30755,BeiDou,L1,8,241,21
10002,30756,GPS,L1,6,142,14
21023,30756,Galileo,L5,6,318,15
30022,30756,BeiDou,L1,8,241,21
10002,30757,GPS,L1,6,142,12
21023,30757,Galileo,L5,6,318,15
30022,30757,BeiDou,L1,8,241,21
10002,30758,GPS,L1,6,142,10
21023,30758,Galileo,L5,6,318,15
30022,30758,BeiDou,L1,8,241,21
10002,30759,GPS,L1,6,142,10
21023,30759,Galileo,L5,6,318,14
30022,30759,BeiDou,L1,8,241,20
10002,30760,GPS,L1,6,142,10
21023,30760,Galileo,L5,6,318,13
30022,30760,BeiDou,L1,8,241,20
10002,30761,GPS,L1,6,142,13
21023,30761,Galileo,L5,6,318,12
30022,30761,BeiDou,L1,8,241,20
10002,30762,GPS,L1,6,142,13
21023,30762,Galileo,L5,6,318,11
30022,30762,BeiDou,L1,8,241,21
21023,30763,Galileo,L5,6,318,12
30022,30763,BeiDou,L1,8,241,21
21023,30764,Galileo,L5,6,318,11
30022,30764,BeiDou,L1,8,241,21
21023,30765,Galileo,L5,6,318,11
30022,30765,BeiDou,L1,8,241,21
21023,30766,Galileo,L5,6,318,11
30022,30766,BeiDou,L1,8,241,21
21023,30767,Galileo,L5,6,318,11
30022,30767,BeiDou,L1,8,241,21
21023,30768,Galileo,L5,6,318,11
30022,30768,BeiDou,L1,8,241,21
21023,30769,Galileo,L5,6,318,12
30022,30769,BeiDou,L1,8,241,20
21023,30770,Galileo,L5,6,318,12
30022,30770,BeiDou,L1,8,241,20
21023,30771,Galileo,L5,6,318,12
30022,30771,BeiDou,L1,8,241,21
21023,30772,Galileo,L5,6,318,13
30022,30772,BeiDou,L1,8,241,21
21023,30773,Galileo,L5,6,318,13
30022,30773,BeiDou,L1,8,241,21
21023,30774,Galileo,L5,6,318,14
30022,30774,BeiDou,L1,8,241,20
21023,30775,Galileo,L5,6,318,14
30022,30775,BeiDou,L1,8,241,19
21023,30776,Galileo,L5,6,318,14
30022,30776,BeiDou,L1,8,241,19
21023,30777,Galileo,L5,6,318,14
30022,30777,BeiDou,L1,8,241,18
21023,30778,Galileo,L5,6,318,14
30022,30778,BeiDou,L1,8,241,16
21023,30779,Galileo,L5,6,318,15
30022,30779,BeiDou,L1,8,241,15
21023,30780,Galileo,L5,6,318,16
30022,30780,BeiDou,L1,8,241,16
21023,30781,Galileo,L5,6,318,16
30022,30781,BeiDou,L1,8,241,17
21023,30782,Galileo,L5,6,318,16
30022,30782,BeiDou,L1,8,241,17
21023,30783,Galileo,L5,6,318,16
30022,30783,BeiDou,L1,8,241,17
21023,30784,Galileo,L5,6,318,17
30022,30784,BeiDou,L1,8,241,18
21023,30785,Galileo,L5,6,318,17
30022,30785,BeiDou,L1,8,241,18
21023,30786,Galileo,L5,6,318,17
30022,30786,BeiDou,L1,8,241,17
21023,30787,Galileo,L5,6,318,17
30022,30787,BeiDou,L1,8,241,17
21023,30788,Galileo,L5,6,318,17
30022,30788,BeiDou,L1,8,242,17
21023,30789,Galileo,L5,6,318,17
30022,30789,BeiDou,L1,8,242,17
21023,30790,Galileo,L5,6,318,17
30022,30790,BeiDou,L1,8,242,17
21023,30791,Galileo,L5,6,318,17
30022,30791,BeiDou,L1,8,242,16
21023,30792,Galileo,L5,6,318,17
30022,30792,BeiDou,L1,8,242,17
21023,30793,Galileo,L5,6,318,17
30022,30793,BeiDou,L1,8,242,17
21023,30794,Galileo,L5,6,318,17
30022,30794,BeiDou,L1,8,242,17
21023,30795,Galileo,L5,6,318,17
30022,30795,BeiDou,L1,8,242,16
10002,30796,GPS,L1,6,142,17
21023,30796,Galileo,L5,6,318,17
30022,30796,BeiDou,L1,8,242,16
10002,30797,GPS,L1,6,142,15
10011,30797,GPS,L1,3,310,13
21023,30797,Galileo,L5,6,318,17
30022,30797,BeiDou,L1,8,242,16
10002,30798,GPS,L1,6,142,16
10011,30798,GPS,L1,3,310,13
21023,30798,Galileo,L5,6,318,17
30022,30798,BeiDou,L1,8,242,17
10002,30799,GPS,L1,6,142,13
10011,30799,GPS,L1,3,310,13
21023,30799,Galileo,L5,6,318,17
30022,30799,BeiDou,L1,8,242,17
10002,30800,GPS,L1,6,142,14
10011,30800,GPS,L1,3,310,13
21023,30800,Galileo,L5,6,318,17
30022,30800,BeiDou,L1,8,242,17
10002,30801,GPS,L1,6,142,14
10011,30801,GPS,L1,3,310,13
21023,30801,Galileo,L5,6,318,17
30022,30801,BeiDou,L1,8,242,18
10002,30802,GPS,L1,6,142,15
10011,30802,GPS,L1,3,310,12
21023,30802,Galileo,L5,6,318,17
30022,30802,BeiDou,L1,8,242,18
10002,30803,GPS,L1,6,142,14
10011,30803,GPS,L1,3,310,14
21023,30803,Galileo,L5,6,318,17
30022,30803,BeiDou,L1,8,242,18
10002,30804,GPS,L1,6,142,15
10011,30804,GPS,L1,3,310,15
21023,30804,Galileo,L5,6,318,17
30022,30804,BeiDou,L1,8,242,18
10002,30805,GPS,L1,6,142,15
10011,30805,GPS,L1,3,310,13
21023,30805,Galileo,L5,6,318,17
30022,30805,BeiDou,L1,8,242,18
10002,30806,GPS,L1,6,142,14
10011,30806,GPS,L1,3,310,14
21023,30806,Galileo,L5,6,318,17
30022,30806,BeiDou,L1,8,242,17
10002,30807,GPS,L1,6,142,12
10011,30807,GPS,L1,3,310,13
21023,30807,Galileo,L5,6,318,17
30022,30807,BeiDou,L1,8,242,16
10002,30808,GPS,L1,6,142,13
10011,30808,GPS,L1,3,310,13
21023,30808,Galileo,L5,6,318,17
30022,30808,BeiDou,L1,8,242,15
10002,30809,GPS,L1,6,142,14
10011,30809,GPS,L1,3,310,12
21023,30809,Galileo,L5,6,318,17
30022,30809,BeiDou,L1,8,242,15
