1001,41.9,5,252,4750
1001,41.4,5,252,4751
1001,41.6,5,252,4752
1001,42,5,252,4753
1001,41.7,5,252,4754
1001,41.9,5,252,4755
1001,41.8,5,252,4756
1001,41.7,5,252,4757
1001,42,5,252,4758
1001,42.1,5,252,4759
1001,42.2,5,252,4760
1001,42,5,252,4761
1001,42.3,5,252,4762
1001,42.1,5,252,4763
1001,42.3,5,252,4764
1001,42.6,5,252,4765
1001,42.7,5,252,4766
1001,42.9,5,252,4767
1001,42.8,5,252,4768
1001,43.3,5,252,4769
1001,43,5,252,4770
1001,42.9,5,252,4771
1001,43,5,252,4772
1001,43.1,5,252,4773
1001,43.4,5,252,4774
1001,43.8,5,252,4775
1001,44.2,5,252,4776
1001,44.4,5,252,4777
1001,44.2,5,252,4778
1001,44.7,5,252,4779
1001,44.6,5,252,4780
1001,44.4,5,252,4781
1001,44.9,5,252,4782
1001,44.9,5,252,4783
1001,45.1,5,252,4784
1001,44.8,5,252,4785
1001,45.1,5,252,4786
1001,44.8,5,252,4787
1001,45.1,5,252,4788
1001,45.5,5,252,4789
1001,45.4,5,252,4790
1001,45.6,5,252,4791
1001,45.2,5,252,4792
1001,45.8,5,252,4793
1001,45.7,5,252,4794
1001,45.2,5,252,4795
1001,45.2,5,252,4796
1001,45.6,5,252,4797
1001,45.6,5,252,4798
1001,45.6,5,252,4799
1001,45.8,5,252,4800
1001,46.2,5,252,4801
1001,45.7,5,252,4802
1001,45.6,5,252,4803
1001,45.5,5,252,4804
1001,45.5,5,252,4805
1001,45.6,5,252,4806
1001,45.5,5,252,4807
1001,45.5,5,252,4808
1001,45.4,5,252,4809
1001,45.5,5,252,4810
1001,45.4,5,252,4811
1001,45.1,5,252,4812
1001,45.3,5,252,4813
1001,45.2,5,252,4814
1001,45.5,5,252,4815
1001,45.5,5,252,4816
1001,45.4,5,252,4817
1001,45.4,5,252,4818
1001,44.9,5,252,4819
1001,45.1,5,252,4820
1001,45.3,5,252,4821
1001,44.9,5,252,4822
1001,44.9,5,252,4823
1001,45.2,5,252,4824
1001,45.5,5,252,4825
1001,44.8,5,252,4826
1001,45.3,5,252,4827
1001,45.3,5,252,4828
1001,45,5,252,4829
1001,44.9,5,252,4830
1001,44.9,5,252,4831
1001,44.3,5,252,4832
1001,44.8,5,252,4833
1001,44.8,5,252,4834
1001,44.7,5,252,4835
1001,44.4,5,252,4836
1001,44.3,5,252,4837
1001,44.3,5,252,4838
1001,44.3,5,252,4839
1001,44.1,5,252,4840
1001,44,5,252,4841
1001,43.6,5,252,4842
1001,43.8,5,252,4843
1001,43.6,5,252,4844
1001,43.8,5,252,4845
1001,43.7,5,252,4846
1001,43.8,5,252,4847
1001,43.6,5,252,4848
1001,43.3,5,252,4849
1001,42.9,5,252,4850
1001,42.6,5,252,4851
1001,42.2,5,252,4852
1001,42.1,5,252,4853
1001,42.3,5,252,4854
1001,41.8,5,252,4855
1001,42.3,5,252,4856
1001,41.9,5,252,4857
1001,42,5,252,4858
1001,41.9,5,252,4859
1001,41.7,5,252,4860
1001,41.8,5,252,4861
1001,41.6,5,252,4862
1001,41.6,5,252,4863
1001,41.4,5,252,4864
1001,41.2,5,252,4865
1001,40.9,5,252,4866
1001,40.5,5,252,4867
1001,41,5,252,4868
1001,40.7,5,252,4869
1001,39.9,5,252,4870
1001,39,5,252,4871
1001,39.4,5,252,4872
1001,38.7,5,252,4873
1001,38.6,5,252,4874
1001,38.2,5,252,4875
1001,38.6,5,252,4876
1001,38.4,5,252,4877
1001,38,5,252,4878
1001,37.6,5,252,4879
1001,38.3,5,252,4880
1001,38.7,5,252,4881
1001,37.8,5,252,4882
1001,37.8,5,252,4883
1001,38.2,5,252,4884
1001,38,5,252,4885
1001,38.1,5,252,4886
1001,38.4,5,252,4887
1001,38.1,5,252,4888
1001,36.6,5,252,4889
1001,38.3,5,253,4890
1001,37.3,5,253,4891
1001,36.6,5,253,4892
1001,37.5,5,253,4893
1001,37.5,5,253,4894
1001,37.9,5,253,4895
1001,38,5,253,4896
1001,37.7,5,253,4897
1001,39,5,253,4898
1001,38.4,5,253,4899
1001,38.6,5,253,4900
1001,38.7,5,253,4901
1001,38.4,5,253,4902
1001,39.1,5,253,4903
1001,39.1,5,253,4904
1001,38.8,5,253,4905
1001,38.7,5,253,4906
1001,39.3,5,253,4907
1001,39.5,5,253,4908
1001,39.3,5,253,4909
1001,38.9,5,253,4910
1001,39.1,5,253,4911
1001,39.1,5,253,4912
1001,39.8,5,253,4913
1001,38.7,5,253,4914
1001,38.3,5,253,4915
1001,39,5,253,4916
1001,38.7,5,253,4917
1001,39,5,253,4918
1001,39.1,5,253,4919
1001,39.3,5,253,4920
1001,39.1,5,253,4921
1001,39.1,5,253,4922
1001,39.5,5,253,4923
1001,39.7,5,253,4924
1001,39.3,6,253,4925
1001,39.4,6,253,4926
1001,39.5,6,253,4927
1001,40.2,6,253,4928
1001,41,6,253,4929
1001,40,6,253,4930
1001,40.2,6,253,4931
1001,40.8,6,253,4932
1001,40.1,6,253,4933
1001,39.9,6,253,4934
1001,39.1,6,253,4935
1001,39.5,6,253,4936
1001,39.3,6,253,4937
1001,39.3,6,253,4938
1001,39.1,6,253,4939
1001,39.4,6,253,4940
1001,38.9,6,253,4941
1001,39.4,6,253,4942
1001,39.4,6,253,4943
1001,39.5,6,253,4944
1001,39.5,6,253,4945
1001,39.7,6,253,4946
1001,39.5,6,253,4947
1001,39.3,6,253,4948
1001,40.1,6,253,4949
1001,40.1,6,253,4950
1001,40.3,6,253,4951
1001,40.5,6,253,4952
1001,40.4,6,253,4953
1001,39.9,6,253,4954
1001,40.5,6,253,4955
1001,40.5,6,253,4956
1001,40.5,6,253,4957
1001,40.8,6,253,4958
1001,40.4,6,253,4959
1001,40.4,6,253,4960
1001,40.2,6,253,4961
1001,40.3,6,253,4962
1001,38.9,6,253,4963
1001,40.3,6,253,4964
1001,38.8,6,253,4965
1001,39.3,6,253,4966
1001,39.8,6,253,4967
1001,39.2,6,253,4968
1001,39,6,253,4969
1001,38.7,6,253,4970
1001,38.2,6,253,4971
1001,37.6,6,253,4972
1001,37.1,6,253,4973
1001,37.3,6,253,4974
1001,37.3,6,253,4975
1001,37.4,6,253,4976
1001,37.7,6,253,4977
1001,37.4,6,253,4978
1001,37.3,6,253,4979
1001,37.7,6,253,4980
1001,37.1,6,253,4981
1001,35.2,6,253,4982
1001,36.1,6,253,4983
1001,36.5,6,253,4984
1001,36,6,253,4985
1001,36.1,6,253,4986
1001,35.8,6,253,4987
1001,35.2,6,253,4988
1001,34.6,6,253,4989
1001,34.2,6,253,4990
1001,34.2,6,253,4991
1001,34.6,6,253,4992
1001,35,6,253,4993
1001,35.2,6,253,4994
1001,35.1,6,253,4995
1001,33.3,6,253,4996
1001,34.8,6,253,4997
1001,34.6,6,253,4998
1001,33.7,6,253,4999
1001,32.6,6,253,5000
1001,32,6,253,5001
1001,32.6,6,253,5002
1001,31.2,6,253,5003
1001,31.6,6,253,5004
1001,32.4,6,253,5005
1001,32.1,6,253,5006
1001,33.6,6,253,5007
1001,32.8,6,253,5008
1001,31.6,6,253,5009
1001,32.2,6,253,5010
1001,32.8,6,253,5011
1001,33.7,6,253,5012
1001,32.1,6,253,5013
1001,33.6,6,253,5014
1001,35.2,6,253,5015
1001,35.7,6,253,5016
1001,35.3,6,253,5017
1001,36.2,6,253,5018
1001,36.1,6,253,5019
1001,36.9,6,253,5020
1001,36.4,6,253,5021
1001,35.9,6,253,5022
1001,35.4,6,253,5023
1001,36.4,6,253,5024
1001,35.9,6,253,5025
1001,34.4,6,253,5026
1001,35.7,6,253,5027
1001,35.9,6,253,5028
1001,35.1,6,253,5029
1001,35,6,253,5030
1001,34.1,6,253,5031
1001,35.2,6,253,5032
1001,35.9,6,253,5033
1001,35.6,6,253,5034
1001,35.2,6,253,5035
1001,34.9,6,253,5036
1001,36.8,6,253,5037
1001,35.9,6,253,5038
1001,36,6,253,5039
1001,37,6,253,5040
1001,36.8,6,253,5041
1001,37.2,6,253,5042
1001,37.5,6,253,5043
1001,37.6,6,253,5044
1001,37.6,6,253,5045
1001,38.2,6,253,5046
1001,38,6,253,5047
1001,38.5,6,253,5048
1001,38.8,6,253,5049
1001,38.2,6,253,5050
1001,38.3,6,253,5051
1001,38.3,6,253,5052
1001,37.2,6,253,5053
1001,37.1,6,253,5054
1001,37.1,6,253,5055
1001,37,6,253,5056
1001,37.2,6,253,5057
1001,37.7,6,253,5058
1001,36.6,6,253,5059
1001,36.9,6,253,5060
1001,35.8,6,253,5061
1001,35.5,6,253,5062
1001,35.1,6,253,5063
1001,36.1,6,253,5064
1001,35,7,253,5065
1001,36.6,7,253,5066
1001,36,7,253,5067
1001,36.7,7,253,5068
1001,36.3,7,253,5069
1001,36.3,7,253,5070
1001,35.3,7,253,5071
1001,34.8,7,253,5072
1001,36.1,7,253,5073
1001,36.1,7,253,5074
1001,35.2,7,253,5075
1001,36.4,7,253,5076
1001,35.8,7,253,5077
1001,34.5,7,253,5078
1001,34,7,253,5079
1001,34.3,7,253,5080
1001,35.4,7,253,5081
1001,36.2,7,253,5082
1001,34.6,7,253,5083
1001,35.4,7,253,5084
1001,34.4,7,253,5085
1001,33.7,7,253,5086
1001,34.3,7,253,5087
1001,35,7,253,5088
1001,34.8,7,253,5089
1001,34.2,7,253,5090
1001,34.1,7,253,5091
1001,35.2,7,253,5092
1001,34.7,7,253,5093
1001,32.9,7,253,5094
1001,32.5,7,253,5095
1001,34,7,253,5096
1001,33.4,7,253,5097
1001,33.5,7,253,5098
1001,34.6,7,253,5099
1001,34.2,7,253,5100
1001,33.9,7,253,5101
1001,34.6,7,253,5102
1001,33.2,7,253,5103
1001,32.8,7,253,5104
1001,34.5,7,253,5105
1001,34,7,253,5106
1001,34.9,7,253,5107
1001,34.1,7,253,5108
1001,35.2,7,253,5109
1001,35.3,7,253,5110
1001,34.8,7,253,5111
1001,35.8,7,253,5112
1001,36.3,7,253,5113
1001,35.2,7,253,5114
1001,36,7,253,5115
1001,35.9,7,253,5116
1001,37.7,7,253,5117
1001,37.7,7,253,5118
1001,35.8,7,253,5119
1001,37,7,253,5120
1001,38,7,253,5121
1001,37.6,7,253,5122
1001,38.1,7,253,5123
1001,38.9,7,253,5124
1001,38.4,7,253,5125
1001,38.1,7,253,5126
1001,38.5,7,253,5127
1001,39.1,7,253,5128
1001,39.3,7,253,5129
1001,38.9,7,253,5130
1001,39.2,7,253,5131
1001,39.3,7,253,5132
1001,39.4,7,253,5133
1001,40,7,253,5134
1001,39.6,7,254,5135
1001,39,7,254,5136
1001,39,7,254,5137
1001,39,7,254,5138
1001,39.4,7,254,5139
1001,40,7,254,5140
1001,38,7,254,5141
1001,39.1,7,254,5142
1001,38.9,7,254,5143
1001,38.5,7,254,5144
1001,38.8,7,254,5145
1001,37.7,7,254,5146
1001,38,7,254,5147
1001,37.3,7,254,5148
1001,37.2,7,254,5149
1001,37.1,7,254,5150
1001,36.5,7,254,5151
1001,36.2,7,254,5152
1001,35.2,7,254,5153
1001,36.9,7,254,5154
1001,35,7,254,5155
1001,34.4,7,254,5156
1001,35.2,7,254,5157
1001,33.6,7,254,5158
1001,32.8,7,254,5159
1001,32.4,7,254,5160
1001,31,7,254,5161
1001,29.7,7,254,5162
1001,29.4,7,254,5163
1001,23.6,7,254,5164
1001,26.8,7,254,5165
1001,25.3,7,254,5166
1001,23.3,7,254,5167
1001,19.7,7,254,5168
1001,22,7,254,5169
1001,22.3,7,254,5170
1001,25.4,7,254,5171
1001,26.4,7,254,5172
1001,27.3,7,254,5173
1001,28.1,7,254,5174
1001,29.4,7,254,5175
1001,30.3,7,254,5176
1001,30.8,7,254,5177
1001,31.7,7,254,5178
1001,32.3,7,254,5179
1001,33.2,7,254,5180
1001,33.8,7,254,5181
1001,34.1,7,254,5182
1001,34.5,7,254,5183
1001,34.7,7,254,5184
1001,35.2,7,254,5185
1001,35.6,7,254,5186
1001,36,7,254,5187
1001,36.5,7,254,5188
1001,37.1,7,254,5189
1001,37.4,7,254,5190
1001,37.5,7,254,5191
1001,37.7,7,254,5192
1001,37.9,7,254,5193
1001,38,7,254,5194
1001,38,7,254,5195
1001,38,7,254,5196
1001,38.1,7,254,5197
1001,38,7,254,5198
1001,38,7,254,5199
1001,37.8,7,254,5200
1001,37.5,7,254,5201
1001,37.1,7,254,5202
1001,36.8,7,254,5203
1001,35.3,7,254,5204
1001,35.7,7,254,5205
1001,35.7,7,254,5206
1001,35.1,7,254,5207
1001,33.9,7,254,5208
1001,34.4,7,254,5209
1001,34.6,7,254,5210
1001,34.2,7,254,5211
1001,33.9,7,254,5212
1001,33.2,7,254,5213
1001,32.9,7,254,5214
1001,33.3,7,254,5215
1001,33.1,7,254,5216
1001,31.3,7,254,5217
1001,29.6,7,254,5218
1001,30.2,7,254,5219
1001,26.3,7,254,5220
1001,23.4,7,254,5221
1001,21.9,7,254,5222
1001,22.9,7,254,5223
1001,23.3,7,254,5224
1001,20.5,7,254,5225
1001,24,7,254,5226
1001,25.7,7,254,5227
1001,26.5,7,254,5228
1001,27.3,7,254,5229
1001,29.3,7,254,5230
1001,30.2,7,254,5231
1001,31.4,7,254,5232
1001,32.6,7,254,5233
1001,33.6,7,254,5234
1001,34.4,7,254,5235
1001,35,7,254,5236
1001,35.8,7,254,5237
1001,36.4,7,254,5238
1001,36.8,7,254,5239
1001,37,8,254,5240
1001,37.3,8,254,5241
1001,37.6,8,254,5242
1001,37.9,8,254,5243
1001,38.3,8,254,5244
1001,38.5,8,254,5245
1001,38.8,8,254,5246
1001,39.1,8,254,5247
1001,39.3,8,254,5248
1001,39.6,8,254,5249
1001,40,8,254,5250
1001,40,8,254,5251
1001,40.1,8,254,5252
1001,40.3,8,254,5253
1001,40.5,8,254,5254
1001,40.8,8,254,5255
1001,40.9,8,254,5256
1001,41,8,254,5257
1001,41.1,8,254,5258
1001,40.9,8,254,5259
1001,41.7,8,254,5260
1001,42.2,8,254,5261
1001,41.7,8,254,5262
1001,41.1,8,254,5263
1001,41.7,8,254,5264
1001,41.3,8,254,5265
1001,41.5,8,254,5266
1001,41,8,254,5267
1001,41.7,8,254,5268
1001,42,8,254,5269
1001,41.5,8,254,5270
1001,41.8,8,254,5271
1001,41.6,8,254,5272
1001,41.5,8,254,5273
1001,41.7,8,254,5274
1001,42.2,8,254,5275
1001,42.2,8,254,5276
1001,42.6,8,254,5277
1001,42.2,8,254,5278
1001,42.5,8,254,5279
1001,43.1,8,254,5280
1001,43.2,8,254,5281
1001,43.2,8,254,5282
1001,43.4,8,254,5283
1001,43.6,8,254,5284
1001,43.7,8,254,5285
1001,43.8,8,254,5286
1001,43.4,8,254,5287
1001,42.9,8,254,5288
1001,43.1,8,254,5289
1001,43.1,8,254,5290
1001,43.6,8,254,5291
1001,43.7,8,254,5292
1001,43.9,8,254,5293
1001,43.4,8,254,5294
1001,43.9,8,254,5295
1001,43.2,8,254,5296
1001,43.6,8,254,5297
1001,44.2,8,254,5298
1001,43.7,8,254,5299
1001,43.4,8,254,5300
1001,43.8,8,254,5301
1001,43.6,8,254,5302
1001,43.6,8,254,5303
1001,43.7,8,254,5304
1001,43.2,8,254,5305
1001,43.5,8,254,5306
1001,43,8,254,5307
1001,43.4,8,254,5308
1001,43.4,8,254,5309
1001,42.9,8,254,5310
1001,43.6,8,254,5311
1001,43,8,254,5312
1001,42.9,8,254,5313
1001,42.5,8,254,5314
1001,43.4,8,254,5315
1001,43.2,8,254,5316
1001,43.5,8,254,5317
1001,43.4,8,254,5318
1001,43.7,8,254,5319
1001,43.6,8,254,5320
1001,43.4,8,254,5321
1001,43.3,8,254,5322
1001,43.2,8,254,5323
1001,43.6,8,254,5324
1001,43.4,8,254,5325
1001,42.9,8,254,5326
1001,43.1,8,254,5327
1001,43.6,8,254,5328
1001,43.7,8,254,5329
1001,43.2,8,254,5330
1001,42.4,8,254,5331
1001,43.1,8,254,5332
1001,42.7,8,254,5333
1001,42.3,8,254,5334
1001,42.9,8,254,5335
1001,43,8,254,5336
1001,43,8,254,5337
1001,42.2,8,254,5338
1001,42.6,8,254,5339
1001,43.1,8,254,5340
1001,42.3,8,254,5341
1001,41.8,8,254,5342
1001,42.9,8,254,5343
1001,42.5,8,254,5344
1001,42.7,8,254,5345
1001,42.3,8,254,5346
1001,42,8,254,5347
1001,41.7,8,254,5348
1001,42.6,8,254,5349
1001,42.9,8,254,5350
1001,43.2,8,254,5351
1001,42.2,8,254,5352
1001,43,8,254,5353
1001,43.9,8,254,5354
1001,43.3,8,254,5355
1001,43.6,8,254,5356
1001,43.8,8,254,5357
1001,43.7,8,254,5358
1001,44.3,8,254,5359
1001,43.9,8,254,5360
1001,44,8,254,5361
1001,43.8,8,254,5362
1001,44,8,254,5363
1001,43.7,8,254,5364
1001,44.3,8,254,5365
1001,44.4,8,254,5366
1001,44.1,8,254,5367
1001,44.9,8,254,5368
1001,44.4,8,254,5369
1001,45,8,254,5370
1001,45.1,8,254,5371
1001,44.9,8,254,5372
1001,44,8,254,5373
1001,44.4,8,254,5374
1001,44.3,8,254,5375
1001,43.7,8,254,5376
1001,44.2,8,254,5377
1001,44.1,8,254,5378
1001,43.6,8,254,5379
1001,43.6,9,255,5380
1001,43.1,9,255,5381
1001,43.4,9,255,5382
1001,43.2,9,255,5383
1001,43.2,9,255,5384
1001,42.7,9,255,5385
1001,43.1,9,255,5386
1001,43.1,9,255,5387
1001,42.9,9,255,5388
1001,42.4,9,255,5389
1001,42.4,9,255,5390
1001,42.7,9,255,5391
1001,41.8,9,255,5392
1001,41.7,9,255,5393
1001,41.5,9,255,5394
1001,41.5,9,255,5395
1001,41.6,9,255,5396
1001,41.5,9,255,5397
1001,41.6,9,255,5398
1001,41.2,9,255,5399
1001,41.5,9,255,5400
1001,41.6,9,255,5401
1001,41.2,9,255,5402
1001,41.3,9,255,5403
1001,41.1,9,255,5404
1001,41.4,9,255,5405
1001,41.2,9,255,5406
1001,41.1,9,255,5407
1001,41.6,9,255,5408
1001,41.1,9,255,5409
1001,40.9,9,255,5410
1001,40,9,255,5411
1001,40.7,9,255,5412
1001,40.9,9,255,5413
1001,40.8,9,255,5414
1001,40.6,9,255,5415
1001,40.4,9,255,5416
1001,40.7,9,255,5417
1001,40.2,9,255,5418
1001,40.3,9,255,5419
1001,40.5,9,255,5420
1001,41.2,9,255,5421
1001,40.4,9,255,5422
1001,41.1,9,255,5423
1001,41.6,9,255,5424
1001,41.7,9,255,5425
1001,41.9,9,255,5426
1001,42.3,9,255,5427
1001,41.5,9,255,5428
1001,42.6,9,255,5429
1001,42.7,9,255,5430
1001,42.9,9,255,5431
1001,43.3,9,255,5432
1001,43.8,9,255,5433
1001,43.4,9,255,5434
1001,43.9,9,255,5435
1001,44.1,9,255,5436
1001,44.1,9,255,5437
1001,44.3,9,255,5438
1001,44.9,9,255,5439
1001,44.5,9,255,5440
1001,44.5,9,255,5441
1001,44.7,9,255,5442
1001,45.2,9,255,5443
1001,45,9,255,5444
1001,45,9,255,5445
1001,45.3,9,255,5446
1001,45.2,9,255,5447
1001,45.1,9,255,5448
1001,44.9,9,255,5449
1001,45,9,255,5450
1001,44.5,9,255,5451
1001,44.3,9,255,5452
1001,45,9,255,5453
1001,44.9,9,255,5454
1001,44.7,9,255,5455
1001,44.4,9,255,5456
1001,44.5,9,255,5457
1001,44.6,9,255,5458
1001,44.3,9,255,5459
1001,44.5,9,255,5460
1001,44.5,9,255,5461
1001,44.4,9,255,5462
1001,44.4,9,255,5463
1001,44.3,9,255,5464
1001,44.4,9,255,5465
1001,44.4,9,255,5466
1001,43.9,9,255,5467
1001,43.6,9,255,5468
1001,43.9,9,255,5469
1001,44.1,9,255,5470
1001,43.7,9,255,5471
1001,44.1,9,255,5472
1001,43,9,255,5473
1001,44,9,255,5474
1001,43.9,9,255,5475
1001,43.8,9,255,5476
1001,44.2,9,255,5477
1001,43,9,255,5478
1001,42.3,9,255,5479
1001,43.1,9,255,5480
1001,41.9,9,255,5481
1001,42.3,9,255,5482
1001,42.6,9,255,5483
1001,41.3,9,255,5484
1001,41,9,255,5485
1001,41.6,9,255,5486
1001,41.8,9,255,5487
1001,40.7,9,255,5488
1001,41.3,9,255,5489
1001,40.3,9,255,5490
1001,41.3,9,255,5491
1001,41.8,9,255,5492
1001,40.8,9,255,5493
1001,42,9,255,5494
1001,42.1,9,255,5495
1001,41.9,9,255,5496
1001,42.2,9,255,5497
1001,42.4,9,255,5498
1001,42.1,9,255,5499
1001,41.7,9,255,5500
1001,42,9,255,5501
1001,42.1,9,255,5502
1001,42.8,9,255,5503
1001,42.7,9,255,5504
1001,44.1,9,255,5505
1001,43.7,9,255,5506
1001,43.9,9,255,5507
1001,44.3,9,255,5508
1001,44.9,9,255,5509
1001,44.9,9,255,5510
1001,44.6,9,255,5511
1001,44.4,9,255,5512
1001,44.7,9,255,5513
1001,44.5,9,255,5514
1001,45,9,255,5515
1001,44.4,9,255,5516
1001,45.2,9,255,5517
1001,44.7,9,255,5518
1001,44.7,9,255,5519
1001,44.8,9,255,5520
1001,44.8,9,255,5521
1001,45.2,9,255,5522
1001,44.9,9,255,5523
1001,44.8,9,255,5524
1001,45.4,9,255,5525
1001,45.3,9,255,5526
1001,45,9,255,5527
1001,45.5,9,255,5528
1001,45.5,9,255,5529
1001,45.1,9,255,5530
1001,44.5,9,255,5531
1001,44.6,9,255,5532
1001,45.1,9,255,5533
1001,44.7,9,255,5534
1001,44.6,9,255,5535
1001,44.5,9,255,5536
1001,45,9,255,5537
1001,44.4,9,255,5538
1001,44.7,9,255,5539
1001,45,9,255,5540
1001,44.3,9,255,5541
1001,44.3,9,255,5542
1001,44.2,9,255,5543
1001,43.5,9,255,5544
1001,44.4,9,255,5545
1001,44.2,9,255,5546
1001,43.2,9,255,5547
1001,43,9,255,5548
1001,43,9,255,5549
1001,43.8,9,255,5550
1001,43.1,9,255,5551
1001,42.2,9,255,5552
1001,43,9,255,5553
1001,43.4,9,255,5554
1001,42.4,10,255,5555
1001,42.1,10,255,5556
1001,42.7,10,255,5557
1001,42.3,10,255,5558
1001,41,10,255,5559
1001,40.9,10,255,5560
1001,41.1,10,255,5561
1001,40.8,10,255,5562
1001,40.9,10,255,5563
1001,41.2,10,255,5564
1001,40,10,255,5565
1001,39.9,10,255,5566
1001,38.9,10,255,5567
1001,39.2,10,255,5568
1001,38.7,10,255,5569
1001,38.4,10,255,5570
1001,40.1,10,255,5571
1001,39.8,10,255,5572
1001,38.5,10,255,5573
1001,39.3,10,255,5574
1001,39.3,10,255,5575
1001,39.2,10,255,5576
1001,39.6,10,255,5577
1001,39.4,10,255,5578
1001,39.4,10,255,5579
1001,40.4,10,255,5580
1001,39.7,10,255,5581
1001,40.4,10,255,5582
1001,41,10,255,5583
1001,41.7,10,255,5584
1001,41.5,10,255,5585
1001,41.2,10,255,5586
1001,41.9,10,255,5587
1001,40.9,10,255,5588
1001,42.3,10,255,5589
1001,41.9,10,255,5590
1001,42,10,255,5591
1001,42.4,10,255,5592
1001,41.5,10,255,5593
1001,42.1,10,255,5594
1001,43.2,10,255,5595
1001,43,10,255,5596
1001,43.2,10,255,5597
1001,42.9,10,255,5598
1001,43.1,10,255,5599
1001,44.2,10,255,5600
1001,42.9,10,255,5601
1001,42.7,10,255,5602
1001,43.7,10,255,5603
1001,43.2,10,255,5604
1001,43.2,10,255,5605
1001,43,10,255,5606
1001,43.1,10,255,5607
1001,42.5,10,255,5608
1001,43.1,10,255,5609
1001,43.6,10,255,5610
1001,44.1,10,255,5611
1001,43.5,10,255,5612
1001,43.4,10,255,5613
1001,43.5,10,255,5614
1001,42.8,10,255,5615
1001,44,10,255,5616
1001,43.6,10,255,5617
1001,43.2,10,255,5618
1001,43.1,10,255,5619
1001,42.7,10,255,5620
1001,42.8,10,255,5621
1001,43.7,10,255,5622
1001,43.8,10,255,5623
1001,43.8,10,255,5624
1001,43.4,10,256,5625
1001,43.8,10,256,5626
1001,43.5,10,256,5627
1001,42.2,10,256,5628
1001,43.2,10,256,5629
1001,43.6,10,256,5630
1001,43.6,10,256,5631
1001,42.8,10,256,5632
1001,43.2,10,256,5633
1001,42.1,10,256,5634
1001,42.1,10,256,5635
1001,41.7,10,256,5636
1001,41.6,10,256,5637
1001,41.2,10,256,5638
1001,40.8,10,256,5639
1001,41.1,10,256,5640
1001,41.2,10,256,5641
1001,41.6,10,256,5642
1001,41.2,10,256,5643
1001,40.7,10,256,5644
1001,41.3,10,256,5645
1001,41.7,10,256,5646
1001,41.1,10,256,5647
1001,40.9,10,256,5648
1001,40.1,10,256,5649
1001,40.4,10,256,5650
1001,40.2,10,256,5651
1001,40.7,10,256,5652
1001,40.5,10,256,5653
1001,40.5,10,256,5654
1001,41.2,10,256,5655
1001,40.4,10,256,5656
1001,41.4,10,256,5657
1001,41.4,10,256,5658
1001,41.3,10,256,5659
1001,41.9,10,256,5660
1001,42.2,10,256,5661
1001,41.5,10,256,5662
1001,42.7,10,256,5663
1001,42.1,10,256,5664
1001,42.8,10,256,5665
1001,43,10,256,5666
1001,42.3,10,256,5667
1001,42.4,10,256,5668
1001,42.9,10,256,5669
1001,42.8,10,256,5670
1001,42.8,10,256,5671
1001,43.2,10,256,5672
1001,43.5,10,256,5673
1001,42.5,10,256,5674
1001,43,10,256,5675
1001,43.2,10,256,5676
1001,43.6,10,256,5677
1001,43.3,10,256,5678
1001,43.7,10,256,5679
1001,43.7,10,256,5680
1001,43.7,10,256,5681
1001,44.3,10,256,5682
1001,43.4,10,256,5683
1001,44.1,10,256,5684
1001,43.7,10,256,5685
1001,43.9,10,256,5686
1001,44.3,10,256,5687
1001,43.8,10,256,5688
1001,43.6,10,256,5689
1001,43.8,10,256,5690
1001,43.6,10,256,5691
1001,43.1,10,256,5692
1001,42.7,10,256,5693
1001,42.9,10,256,5694
1001,43.1,10,256,5695
1001,43.3,10,256,5696
1001,43.7,10,256,5697
1001,43.1,10,256,5698
1001,43,10,256,5699
1001,43.1,10,256,5700
1001,43.1,10,256,5701
1001,42.7,10,256,5702
1001,43,10,256,5703
1001,42.6,10,256,5704
1001,42.7,10,256,5705
1001,43.1,10,256,5706
1001,42.9,10,256,5707
1001,42.7,10,256,5708
1001,42.8,10,256,5709
1001,43.2,10,256,5710
1001,42.4,10,256,5711
1001,42.2,10,256,5712
1001,42.2,10,256,5713
1001,42.3,10,256,5714
1001,41.9,10,256,5715
1001,42,10,256,5716
1001,41.8,10,256,5717
1001,40.9,10,256,5718
1001,40.3,10,256,5719
1001,39.8,10,256,5720
1001,40.1,10,256,5721
1001,39.9,10,256,5722
1001,39.4,10,256,5723
1001,37.9,10,256,5724
1001,38.1,10,256,5725
1001,36.9,10,256,5726
1001,36.5,10,256,5727
1001,35.2,10,256,5728
1001,35.7,10,256,5729
1001,35.8,11,256,5730
1001,35.7,11,256,5731
1001,36.5,11,256,5732
1001,38,11,256,5733
1001,37.1,11,256,5734
1001,37.6,11,256,5735
1001,38.3,11,256,5736
1001,39.6,11,256,5737
1001,38.6,11,256,5738
1001,39.5,11,256,5739
1001,40.6,11,256,5740
1001,40.7,11,256,5741
1001,41.1,11,256,5742
1001,41.2,11,256,5743
1001,42,11,256,5744
1001,42.1,11,256,5745
1001,42.5,11,256,5746
1001,43.1,11,256,5747
1001,42.4,11,256,5748
1001,42.2,11,256,5749
1001,42.8,11,256,5750
1001,43.3,11,256,5751
1001,43.9,11,256,5752
1001,44.1,11,256,5753
1001,43.7,11,256,5754
1001,44.1,11,256,5755
1001,44.4,11,256,5756
1001,44.4,11,256,5757
1001,45,11,256,5758
1001,45.3,11,256,5759
1001,44.9,11,256,5760
1001,45.2,11,256,5761
1001,44.6,11,256,5762
1001,45.6,11,256,5763
1001,45.4,11,256,5764
1001,44.9,11,256,5765
1001,45.7,11,256,5766
1001,45.2,11,256,5767
1001,44.7,11,256,5768
1001,45,11,256,5769
1001,44.5,11,256,5770
1001,44.6,11,256,5771
1001,44.5,11,256,5772
1001,45,11,256,5773
1001,44.2,11,256,5774
1001,44.2,11,256,5775
1001,43.1,11,256,5776
1001,44.1,11,256,5777
1001,43.7,11,256,5778
1001,43.2,11,256,5779
1001,42.9,11,256,5780
1001,42.6,11,256,5781
1001,42.5,11,256,5782
1001,44,11,256,5783
1001,42.4,11,256,5784
1001,43.6,11,256,5785
1001,43.4,11,256,5786
1001,42.8,11,256,5787
1001,42.9,11,256,5788
1001,42.8,11,256,5789
1001,42.9,11,256,5790
1001,42.8,11,256,5791
1001,42.3,11,256,5792
1001,42.3,11,256,5793
1001,42.3,11,256,5794
1001,42.4,11,256,5795
1001,42.2,11,256,5796
1001,40.9,11,256,5797
1001,41.2,11,256,5798
1001,40.6,11,256,5799
1001,41.2,11,256,5800
1001,41.4,11,256,5801
1001,40.2,11,256,5802
1001,40.4,11,256,5803
1001,39.3,11,256,5804
1001,38.6,11,256,5805
1001,38.4,11,256,5806
1001,38.3,11,256,5807
1001,39.2,11,256,5808
1001,37.5,11,256,5809
1001,38.3,11,256,5810
1001,38.3,11,256,5811
1001,37.7,11,256,5812
1001,38,11,256,5813
1001,38.3,11,256,5814
1001,38.7,11,256,5815
1001,39,11,256,5816
1001,39.1,11,256,5817
1001,38.8,11,256,5818
1001,41.1,11,256,5819
1001,41.3,11,256,5820
1001,40.3,11,256,5821
1001,40.9,11,256,5822
1001,41.4,11,256,5823
1001,42.1,11,256,5824
1001,41,11,256,5825
1001,41.1,11,256,5826
1001,41.8,11,256,5827
1001,42.8,11,256,5828
1001,42.3,11,256,5829
1001,42.2,11,256,5830
1001,42.5,11,256,5831
1001,43.7,11,256,5832
1001,42.8,11,256,5833
1001,43.4,11,256,5834
1001,42.8,11,256,5835
1001,42.6,11,256,5836
1001,42.7,11,256,5837
1001,43.2,11,256,5838
1001,43.2,11,256,5839
1001,43.1,11,256,5840
1001,42.4,11,256,5841
1001,42.8,11,256,5842
1001,43,11,256,5843
1001,43,11,256,5844
1001,43.9,11,256,5845
1001,42.6,11,256,5846
1001,43.5,11,256,5847
1001,43.6,11,256,5848
1001,42.1,11,256,5849
1001,42.4,11,256,5850
1001,42.6,11,256,5851
1001,43.4,11,256,5852
1001,42.6,11,256,5853
1001,42.8,11,256,5854
1001,42.3,11,256,5855
1001,42.3,11,256,5856
1001,42.2,11,256,5857
1001,41.9,11,256,5858
1001,42.9,11,256,5859
1001,42.8,11,256,5860
1001,43,11,256,5861
1001,43.3,11,256,5862
1001,42.2,11,256,5863
1001,42.4,11,256,5864
1001,42.5,11,256,5865
1001,42.2,11,256,5866
1001,41.8,11,256,5867
1001,41.2,11,256,5868
1001,40.8,11,256,5869
1001,41.1,12,257,5870
1001,40.1,12,257,5871
1001,39.4,12,257,5872
1001,38.6,12,257,5873
1001,40.4,12,257,5874
1001,39.1,12,257,5875
1001,38,12,257,5876
1001,38.2,12,257,5877
1001,38,12,257,5878
1001,37.5,12,257,5879
1001,37.8,12,257,5880
1001,37,12,257,5881
1001,37,12,257,5882
1001,38.8,12,257,5883
1001,37.9,12,257,5884
1001,37.1,12,257,5885
1001,37,12,257,5886
1001,38.2,12,257,5887
1001,39.2,12,257,5888
1001,37.3,12,257,5889
1001,37.1,12,257,5890
1001,37.6,12,257,5891
1001,36.9,12,257,5892
1001,37.3,12,257,5893
1001,38.7,12,257,5894
1001,38.9,12,257,5895
1001,38.9,12,257,5896
1001,39.5,12,257,5897
1001,41.4,12,257,5898
1001,41.2,12,257,5899
1001,40.8,12,257,5900
1001,41.6,12,257,5901
1001,41.3,12,257,5902
1001,42.3,12,257,5903
1001,42.5,12,257,5904
1001,43,12,257,5905
1001,43.4,12,257,5906
1001,43.2,12,257,5907
1001,43.3,12,257,5908
1001,43.3,12,257,5909
1001,42.9,12,257,5910
1001,42.5,12,257,5911
1001,43.6,12,257,5912
1001,43.5,12,257,5913
1001,43.8,12,257,5914
1001,43.8,12,257,5915
1001,44.3,12,257,5916
1001,42.7,12,257,5917
1001,43.1,12,257,5918
1001,43.5,12,257,5919
1001,43.4,12,257,5920
1001,43.3,12,257,5921
1001,42.8,12,257,5922
1001,42.7,12,257,5923
1001,42.7,12,257,5924
1001,43.4,12,257,5925
1001,43.2,12,257,5926
1001,42.4,12,257,5927
1001,42.9,12,257,5928
1001,43.2,12,257,5929
1001,43.2,12,257,5930
1001,43.1,12,257,5931
1001,42.1,12,257,5932
1001,43.1,12,257,5933
1001,43,12,257,5934
1001,42.8,12,257,5935
1001,43.4,12,257,5936
1001,42.6,12,257,5937
1001,42.4,12,257,5938
1001,41.9,12,257,5939
1001,42.6,12,257,5940
1001,42,12,257,5941
1001,42.7,12,257,5942
1001,42,12,257,5943
1001,41.3,12,257,5944
1001,41.1,12,257,5945
1001,41.3,12,257,5946
1001,41.1,12,257,5947
1001,41.5,12,257,5948
1001,39.7,12,257,5949
1001,40.2,12,257,5950
1001,40.4,12,257,5951
1001,40.7,12,257,5952
1001,40.1,12,257,5953
1001,40.9,12,257,5954
1001,41.3,12,257,5955
1001,41.1,12,257,5956
1001,40,12,257,5957
1001,39.7,12,257,5958
1001,38.6,12,257,5959
1001,38,12,257,5960
1001,38.4,12,257,5961
1001,37.2,12,257,5962
1001,35.3,12,257,5963
1001,37.6,12,257,5964
1001,35.2,12,257,5965
1001,38,12,257,5966
1001,37.6,12,257,5967
1001,38.7,12,257,5968
1001,37.6,12,257,5969
1001,38.4,12,257,5970
1001,39,12,257,5971
1001,39.5,12,257,5972
1001,39.3,12,257,5973
1001,40.3,12,257,5974
1001,41.8,12,257,5975
1001,42.2,12,257,5976
1001,42.3,12,257,5977
1001,42,12,257,5978
1001,43.1,12,257,5979
1001,43.1,12,257,5980
1001,42.9,12,257,5981
1001,42.1,12,257,5982
1001,42.8,12,257,5983
1001,42.9,12,257,5984
1001,43.6,12,257,5985
1001,42.7,12,257,5986
1001,42.7,12,257,5987
1001,43,12,257,5988
1001,42.4,12,257,5989
1001,42.5,12,257,5990
1001,42.4,12,257,5991
1001,42.3,12,257,5992
1001,42.8,12,257,5993
1001,43,12,257,5994
1001,42.9,12,257,5995
1001,43.2,12,257,5996
1001,43.5,12,257,5997
1001,43.1,12,257,5998
1001,43.6,12,257,5999
1001,43.4,12,257,6000
1001,42.8,12,257,6001
1001,43.7,12,257,6002
1001,44,12,257,6003
1001,43.8,12,257,6004
1001,44.2,12,257,6005
1001,43,12,257,6006
1001,43.8,12,257,6007
1001,44.7,12,257,6008
1001,43,12,257,6009
1001,43.9,12,257,6010
1001,44,12,257,6011
1001,44.2,12,257,6012
1001,43.7,12,257,6013
1001,44.2,12,257,6014
1001,43.3,12,257,6015
1001,44.2,12,257,6016
1001,43.7,12,257,6017
1001,44,12,257,6018
1001,43,12,257,6019
1001,43.2,12,257,6020
1001,43.7,12,257,6021
1001,42.8,12,257,6022
1001,43.3,12,257,6023
1001,42.9,12,257,6024
1001,43.3,12,257,6025
1001,42.4,12,257,6026
1001,42.5,12,257,6027
1001,42.5,12,257,6028
1001,41.3,12,257,6029
1001,40.7,12,257,6030
1001,41.2,12,257,6031
1001,39.2,12,257,6032
1001,39.7,12,257,6033
1001,39.5,12,257,6034
1001,38.1,12,257,6035
1001,38.9,12,257,6036
1001,36.9,12,257,6037
1001,37.3,12,257,6038
1001,37.2,12,257,6039
1001,36,12,257,6040
1001,37.2,12,257,6041
1001,37.1,12,257,6042
1001,36.8,12,257,6043
1001,37.9,12,257,6044
1001,37,13,257,6045
1001,38.6,13,257,6046
1001,38.7,13,257,6047
1001,38.8,13,257,6048
1001,38.6,13,257,6049
1001,39.2,13,257,6050
1001,39.1,13,257,6051
1001,39.7,13,257,6052
1001,39.1,13,257,6053
1001,40.4,13,257,6054
1001,40.5,13,257,6055
1001,40.8,13,257,6056
1001,39.7,13,257,6057
1001,40.1,13,257,6058
1001,40.3,13,257,6059
1001,41.3,13,257,6060
1001,39.6,13,257,6061
1001,41,13,257,6062
1001,41.4,13,257,6063
1001,41.7,13,257,6064
1001,42.7,13,257,6065
1001,42.7,13,257,6066
1001,42.1,13,257,6067
1001,41.8,13,257,6068
1001,42,13,257,6069
1001,43,13,257,6070
1001,42.9,13,257,6071
1001,42.2,13,257,6072
1001,42.2,13,257,6073
1001,43.4,13,257,6074
1001,42.1,13,257,6075
1001,42.1,13,257,6076
1001,42.1,13,257,6077
1001,42.9,13,257,6078
1001,43,13,257,6079
1001,43.2,13,258,6080
1001,43,13,258,6081
1001,42.9,13,258,6082
1001,42.6,13,258,6083
1001,42.4,13,258,6084
1001,43.3,13,258,6085
1001,42.7,13,258,6086
1001,42.8,13,258,6087
1001,42.9,13,258,6088
1001,43,13,258,6089
1001,42.4,13,258,6090
1001,42.7,13,258,6091
1001,42.1,13,258,6092
1001,41.7,13,258,6093
1001,41.6,13,258,6094
1001,42.5,13,258,6095
1001,41,13,258,6096
1001,40.8,13,258,6097
1001,40.9,13,258,6098
1001,40.1,13,258,6099
1001,39.9,13,258,6100
1001,39.2,13,258,6101
1001,37.7,13,258,6102
1001,38.7,13,258,6103
1001,38.1,13,258,6104
1001,36.4,13,258,6105
1001,38.5,13,258,6106
1001,37.4,13,258,6107
1001,36.7,13,258,6108
1001,35.9,13,258,6109
1001,36,13,258,6110
1001,35.1,13,258,6111
1001,34.9,13,258,6112
1001,35.3,13,258,6113
1001,34.6,13,258,6114
1001,33.4,13,258,6115
1001,32.9,13,258,6116
1001,31.6,13,258,6117
1001,30,13,258,6118
1001,33.6,13,258,6119
1001,32.5,13,258,6120
1001,33.3,13,258,6121
1001,35.7,13,258,6122
1001,34.6,13,258,6123
1001,35.7,13,258,6124
1001,36.1,13,258,6125
1001,36.5,13,258,6126
1001,34.7,13,258,6127
1001,34.8,13,258,6128
1001,38.1,13,258,6129
1001,37.9,13,258,6130
1001,38,13,258,6131
1001,39.3,13,258,6132
1001,38.1,13,258,6133
1001,37.8,13,258,6134
1001,37.7,13,258,6135
1001,40.2,13,258,6136
1001,39.3,13,258,6137
1001,39.2,13,258,6138
1001,39.1,13,258,6139
1001,40.6,13,258,6140
1001,39.5,13,258,6141
1001,40.3,13,258,6142
1001,40,13,258,6143
1001,41.2,13,258,6144
1001,41.1,13,258,6145
1001,41.7,13,258,6146
1001,42.3,13,258,6147
1001,42.5,13,258,6148
1001,42.2,13,258,6149
1001,42,13,258,6150
1001,44.2,13,258,6151
1001,43.5,13,258,6152
1001,42.8,13,258,6153
1001,42.3,13,258,6154
1001,43.2,13,258,6155
1001,43.8,13,258,6156
1001,42.7,13,258,6157
1001,42.2,13,258,6158
1001,42.9,13,258,6159
1001,43.3,13,258,6160
1001,43,13,258,6161
1001,44.2,13,258,6162
1001,42.9,13,258,6163
1001,43.2,13,258,6164
1001,43.7,13,258,6165
1001,43.2,13,258,6166
1001,43.5,13,258,6167
1001,42.9,13,258,6168
1001,43.9,13,258,6169
1001,43.3,13,258,6170
1001,42.8,13,258,6171
1001,43,13,258,6172
1001,42.7,13,258,6173
1001,42.2,13,258,6174
1001,40.8,13,258,6175
1001,41.9,13,258,6176
1001,41.5,13,258,6177
1001,41,13,258,6178
1001,41.3,13,258,6179
1001,40.6,13,258,6180
1001,40.5,13,258,6181
1001,40.6,13,258,6182
1001,40,13,258,6183
1001,39.8,13,258,6184
1001,39.2,14,258,6185
1001,38.6,14,258,6186
1001,37.9,14,258,6187
1001,37.3,14,258,6188
1001,37.9,14,258,6189
1001,35.8,14,258,6190
1001,34.3,14,258,6191
1001,34.6,14,258,6192
1001,34.4,14,258,6193
1001,33.5,14,258,6194
1001,33.1,14,258,6195
1001,30.8,14,258,6196
1001,31.3,14,258,6197
1001,32.3,14,258,6198
1001,33,14,258,6199
1001,31.7,14,258,6200
1001,32.4,14,258,6201
1001,31.3,14,258,6202
1001,30.7,14,258,6203
1001,32.4,14,258,6204
1001,33.9,14,258,6205
1001,32.2,14,258,6206
1001,31.4,14,258,6207
1001,35.4,14,258,6208
1001,34.1,14,258,6209
1001,34.9,14,258,6210
1001,35.8,14,258,6211
1001,36.2,14,258,6212
1001,38.5,14,258,6213
1001,37.3,14,258,6214
1001,38.6,14,258,6215
1001,39.8,14,258,6216
1001,39.2,14,258,6217
1001,39.6,14,258,6218
1001,39.3,14,258,6219
1001,40.1,14,258,6220
1001,40.7,14,258,6221
1001,40.9,14,258,6222
1001,41.2,14,258,6223
1001,40.4,14,258,6224
1001,42.3,14,258,6225
1001,41,14,258,6226
1001,41.9,14,258,6227
1001,42.5,14,258,6228
1001,42.7,14,258,6229
1001,42.6,14,258,6230
1001,43.6,14,258,6231
1001,44,14,258,6232
1001,43.6,14,258,6233
1001,43.8,14,258,6234
1001,44.6,14,258,6235
1001,43.9,14,258,6236
1001,43.7,14,258,6237
1001,42.9,14,258,6238
1001,42.7,14,258,6239
1001,42,14,258,6240
1001,41.6,14,258,6241
1001,42.9,14,258,6242
1001,42.5,14,258,6243
1001,41.6,14,258,6244
1001,41,14,258,6245
1001,39.7,14,258,6246
1001,40.1,14,258,6247
1001,39.2,14,258,6248
1001,40.2,14,258,6249
1001,38.7,14,258,6250
1001,39,14,258,6251
1001,39.2,14,258,6252
1001,38.5,14,258,6253
1001,38.2,14,258,6254
1001,37.2,14,258,6255
1001,38.7,14,258,6256
1001,37.4,14,258,6257
1001,35.4,14,258,6258
1001,34.1,14,258,6259
1001,34.6,14,258,6260
1001,34.7,14,258,6261
1001,33.3,14,258,6262
1001,30.7,14,258,6263
1001,33.9,14,258,6264
1001,31.4,14,258,6265
1001,31.8,14,258,6266
1001,29.8,14,258,6267
1001,32.6,14,258,6268
1001,31.1,14,258,6269
1001,29.2,14,258,6270
1001,30.8,14,258,6271
1001,32,14,258,6272
1001,29.5,14,258,6273
1001,30.9,14,258,6274
1001,32.4,14,258,6275
1001,34.4,14,258,6276
1001,32,14,258,6277
1001,32.7,14,258,6278
1001,33.2,14,258,6279
1001,33.9,14,258,6280
1001,32.1,14,258,6281
1001,34.6,14,258,6282
1001,33.9,14,258,6283
1001,32.1,14,258,6284
1001,32.9,14,258,6285
1001,36.9,14,258,6286
1001,37.5,14,258,6287
1001,35.2,14,258,6288
1001,34,14,258,6289
1001,37.3,14,258,6290
1001,36.9,14,258,6291
1001,37.9,14,258,6292
1001,37.7,14,258,6293
1001,37.8,14,258,6294
1001,38.6,14,258,6295
1001,37.6,14,258,6296
1001,39.2,14,258,6297
1001,38.7,14,258,6298
1001,38,14,258,6299
1001,39.6,14,258,6300
1001,40.1,14,258,6301
1001,37.7,14,258,6302
1001,38.4,14,258,6303
1001,41.3,14,258,6304
1001,40.4,14,258,6305
1001,40.7,14,258,6306
1001,41.7,14,258,6307
1001,40.7,14,258,6308
1001,41.9,14,258,6309
1001,44,14,258,6310
1001,42.4,14,258,6311
1001,41.9,14,258,6312
1001,44.4,14,258,6313
1001,42.9,14,258,6314
1001,38.3,14,258,6315
1001,43.3,14,258,6316
1001,44.9,14,258,6317
1001,40.8,14,258,6318
1001,41.2,14,258,6319
1001,40.6,14,258,6320
1001,43.1,14,258,6321
1001,41.2,14,258,6322
1001,39.4,14,258,6323
1001,42.7,14,258,6324
1001,41.6,14,259,6325
1001,39.1,14,259,6326
1001,39.6,14,259,6327
1001,40.9,14,259,6328
1001,41.1,14,259,6329
1001,40.7,14,259,6330
1001,40.9,14,259,6331
1001,41.5,14,259,6332
1001,40.6,14,259,6333
1001,41.3,14,259,6334
1001,42.5,14,259,6335
1001,41.9,14,259,6336
1001,38.5,14,259,6337
1001,41.1,14,259,6338
1001,40.9,14,259,6339
1001,40.2,14,259,6340
1001,35.3,14,259,6341
1001,38.9,14,259,6342
1001,38.4,14,259,6343
1001,38,14,259,6344
1001,35.9,14,259,6345
1001,38.2,14,259,6346
1001,31,14,259,6347
1001,36,14,259,6348
1001,39.5,14,259,6349
1001,37.1,14,259,6350
1001,35.8,14,259,6351
1001,38.6,14,259,6352
1001,37.3,14,259,6353
1001,35.2,14,259,6354
1001,31.6,14,259,6355
1001,35.1,14,259,6356
1001,34.1,14,259,6357
1001,35.2,14,259,6358
1001,29.7,14,259,6359
1001,24.8,15,259,6360
1001,35.7,15,259,6361
1001,36.9,15,259,6362
1001,35,15,259,6363
1001,33.8,15,259,6364
1001,35.1,15,259,6365
1001,38.1,15,259,6366
1001,32.5,15,259,6367
1001,37.5,15,259,6368
1001,38.5,15,259,6369
1001,35.5,15,259,6370
1001,36.9,15,259,6371
1001,40,15,259,6372
1001,36.7,15,259,6373
1001,37.7,15,259,6374
1001,35.6,15,259,6375
1001,40.2,15,259,6376
1001,37.8,15,259,6377
1001,35.7,15,259,6378
1001,36.3,15,259,6379
1001,40.3,15,259,6380
1001,40.9,15,259,6381
1001,35.1,15,259,6382
1001,32,15,259,6383
1001,40.7,15,259,6384
1001,40.3,15,259,6385
1001,37.9,15,259,6386
1001,39.1,15,259,6387
1001,41.2,15,259,6388
1001,40.3,15,259,6389
1001,40.5,15,259,6390
1001,42.1,15,259,6391
1001,41.1,15,259,6392
1001,39.3,15,259,6393
1001,42.6,15,259,6394
1001,43.8,15,259,6395
1001,40.5,15,259,6396
1001,43.5,15,259,6397
1001,41.9,15,259,6398
1001,42.3,15,259,6399
1001,42.5,15,259,6400
1001,41.8,15,259,6401
1001,43.4,15,259,6402
1001,39.2,15,259,6403
1001,43.5,15,259,6404
1001,44,15,259,6405
1001,41.5,15,259,6406
1001,42.7,15,259,6407
1001,43.8,15,259,6408
1001,44.9,15,259,6409
1001,44.5,15,259,6410
1001,42.4,15,259,6411
1001,42.2,15,259,6412
1001,43.1,15,259,6413
1001,42.2,15,259,6414
1001,41.2,15,259,6415
1001,41.6,15,259,6416
1001,42,15,259,6417
1001,41.7,15,259,6418
1001,40.7,15,259,6419
1001,40.9,15,259,6420
1001,40.3,15,259,6421
1001,38.4,15,259,6422
1001,39.6,15,259,6423
1001,40.5,15,259,6424
1001,39.4,15,259,6425
1001,37.9,15,259,6426
1001,38.8,15,259,6427
1001,39.8,15,259,6428
1001,39,15,259,6429
1001,36.6,15,259,6430
1001,36.9,15,259,6431
1001,38.8,15,259,6432
1001,36.2,15,259,6433
1001,35.4,15,259,6434
1001,36.9,15,259,6435
1001,37.9,15,259,6436
1001,38.5,15,259,6437
1001,32.8,15,259,6438
1001,33.7,15,259,6439
1001,35.1,15,259,6440
1001,34.9,15,259,6441
1001,30.2,15,259,6442
1001,25.4,15,259,6443
1001,22.7,15,259,6444
1001,29.4,15,259,6445
1001,23.8,15,259,6446
1001,34,15,259,6447
1001,25.1,15,259,6448
1001,24.8,15,259,6449
1001,26.8,15,259,6450
1001,38.7,15,259,6451
1001,36,15,259,6452
1001,25.5,15,259,6453
1001,32.9,15,259,6454
1001,36.9,15,259,6455
1001,33.3,15,259,6456
1001,32.9,15,259,6457
1001,29.5,15,259,6458
1001,39.4,15,259,6459
1001,35.7,15,259,6460
1001,35.2,15,259,6461
1001,38,15,259,6462
1001,39.1,15,259,6463
1001,39,15,259,6464
1001,39.3,15,259,6465
1001,38,15,259,6466
1001,40.2,15,259,6467
1001,41.2,15,259,6468
1001,38.5,15,259,6469
1001,39.5,15,259,6470
1001,42,15,259,6471
1001,41.5,15,259,6472
1001,40.3,15,259,6473
1001,40.7,15,259,6474
1001,39.9,15,259,6475
1001,39.3,15,259,6476
1001,40,15,259,6477
1001,40.9,15,259,6478
1001,39.6,15,259,6479
1001,40.2,15,259,6480
1001,41.6,15,259,6481
1001,41.9,15,259,6482
1001,41.7,15,259,6483
1001,41.4,15,259,6484
1001,42.1,15,259,6485
1001,42.3,15,259,6486
1001,43,15,259,6487
1001,43.1,15,259,6488
1001,42.1,15,259,6489
1001,41.3,15,259,6490
1001,42.9,15,259,6491
1001,42.4,15,259,6492
1001,41.4,15,259,6493
1001,40.3,15,259,6494
1001,40.4,15,259,6495
1001,39.5,15,259,6496
1001,40,15,259,6497
1001,39.8,15,259,6498
1001,37.1,15,259,6499
1001,38.4,16,259,6500
1001,37.6,16,259,6501
1001,39.8,16,259,6502
1001,39.3,16,259,6503
1001,37.9,16,259,6504
1001,38.6,16,259,6505
1001,37.1,16,259,6506
1001,38.4,16,259,6507
1001,35.5,16,259,6508
1001,33,16,259,6509
1001,32.2,16,259,6510
1001,33.6,16,259,6511
1001,35,16,259,6512
1001,30.3,16,259,6513
1001,24.9,16,259,6514
1001,26.1,16,259,6515
1001,29,16,259,6516
1001,29.4,16,259,6517
1001,23.3,16,259,6518
1001,29.5,16,259,6519
1001,31.7,16,259,6520
1001,27.7,16,259,6521
1001,28,16,259,6522
1001,29.4,16,259,6523
1001,30.4,16,259,6524
1001,30.7,16,259,6525
1001,30.7,16,259,6526
1001,31.1,16,259,6527
1001,31.7,16,259,6528
1001,32.7,16,259,6529
1001,33.5,16,259,6530
1001,34.1,16,259,6531
1001,34.1,16,259,6532
1001,34.5,16,259,6533
1001,34.6,16,259,6534
1001,34.9,16,259,6535
1001,35.6,16,259,6536
1001,36.9,16,259,6537
1001,38.2,16,259,6538
1001,38.2,16,259,6539
1001,38.2,16,259,6540
1001,39.5,16,259,6541
1001,41.3,16,259,6542
1001,40.8,16,259,6543
1001,40.2,16,259,6544
1001,40.7,16,259,6545
1001,41.6,16,259,6546
1001,41.8,16,259,6547
1001,40.8,16,259,6548
1001,40.3,16,259,6549
1001,41.2,16,259,6550
1001,41.5,16,259,6551
1001,40.5,16,259,6552
1001,40.9,16,259,6553
1001,41.8,16,259,6554
1001,42,16,259,6555
1001,41.3,16,259,6556
1001,43.5,16,259,6557
1001,42.7,16,259,6558
1001,42.6,16,259,6559
1001,42,16,259,6560
1001,43.1,16,259,6561
1001,42.6,16,259,6562
1001,41.8,16,259,6563
1001,41.9,16,259,6564
1001,42.6,16,259,6565
1001,41.2,16,259,6566
1001,42.2,16,259,6567
1001,42.9,16,259,6568
1001,42.1,16,259,6569
1001,42.3,16,260,6570
1001,42.3,16,260,6571
1001,42.1,16,260,6572
1001,42.4,16,260,6573
1001,41.9,16,260,6574
1001,43.6,16,260,6575
1001,42.6,16,260,6576
1001,39.2,16,260,6577
1001,42.3,16,260,6578
1001,43.4,16,260,6579
1001,42.9,16,260,6580
1001,37.9,16,260,6581
1001,40.5,16,260,6582
1001,41.8,16,260,6583
1001,41.3,16,260,6584
1001,37.7,16,260,6585
1001,39.9,16,260,6586
1001,41.4,16,260,6587
1001,39.4,16,260,6588
1001,35.5,16,260,6589
1001,40.9,16,260,6590
1001,39.6,16,260,6591
1001,38.3,16,260,6592
1001,37.1,16,260,6593
1001,40.7,16,260,6594
1001,38.3,16,260,6595
1001,38.8,16,260,6596
1001,35.6,16,260,6597
1001,38.6,16,260,6598
1001,39.9,16,260,6599
1001,34.7,16,260,6600
1001,33.6,16,260,6601
1001,34.6,16,260,6602
1001,34.9,16,260,6603
1001,36.1,16,260,6604
1001,37.3,16,260,6605
1001,36.1,16,260,6606
1001,34.9,16,260,6607
1001,37.2,16,260,6608
1001,37.2,16,260,6609
1001,38.1,16,260,6610
1001,37.8,16,260,6611
1001,37.6,16,260,6612
1001,39.1,16,260,6613
1001,40.2,16,260,6614
1001,38.5,16,260,6615
1001,41.2,16,260,6616
1001,40.5,16,260,6617
1001,41.3,16,260,6618
1001,41.1,16,260,6619
1001,41.7,16,260,6620
1001,42.6,16,260,6621
1001,41.4,16,260,6622
1001,39.1,16,260,6623
1001,42.6,16,260,6624
1001,41.8,16,260,6625
1001,42.7,16,260,6626
1001,42,16,260,6627
1001,42.1,16,260,6628
1001,42,16,260,6629
1001,42.5,16,260,6630
1001,42.1,16,260,6631
1001,42.3,16,260,6632
1001,44.4,16,260,6633
1001,44.6,16,260,6634
1001,41.3,16,260,6635
1001,41.5,16,260,6636
1001,44.4,16,260,6637
1001,44.5,16,260,6638
1001,42.7,16,260,6639
1001,43.4,16,260,6640
1001,44.3,16,260,6641
1001,44.1,16,260,6642
1001,44.5,16,260,6643
1001,44.8,16,260,6644
1001,44.3,16,260,6645
1001,44.5,16,260,6646
1001,46.4,16,260,6647
1001,45.1,16,260,6648
1001,44.8,16,260,6649
1001,45.1,16,260,6650
1001,45.2,16,260,6651
1001,43.1,16,260,6652
1001,43.7,16,260,6653
1001,44.9,16,260,6654
1001,43.2,16,260,6655
1001,39.6,16,260,6656
1001,42.2,16,260,6657
1001,43.4,16,260,6658
1001,39.9,16,260,6659
1001,38.6,16,260,6660
1001,40.4,16,260,6661
1001,40.1,16,260,6662
1001,37.6,16,260,6663
1001,36.4,16,260,6664
1001,36.8,16,260,6665
1001,35.5,16,260,6666
1001,38.5,16,260,6667
1001,35.7,16,260,6668
1001,35.5,16,260,6669
1001,36.6,16,260,6670
1001,37.7,16,260,6671
1001,33.9,16,260,6672
1001,29.9,16,260,6673
1001,34.8,16,260,6674
1001,39.4,17,260,6675
1001,33.1,17,260,6676
1001,35.5,17,260,6677
1001,37.9,17,260,6678
1001,37.6,17,260,6679
1001,37.3,17,260,6680
1001,35.9,17,260,6681
1001,38.2,17,260,6682
1001,34.3,17,260,6683
1001,37.9,17,260,6684
1001,37,17,260,6685
1001,35.5,17,260,6686
1001,33.8,17,260,6687
1001,33.1,17,260,6688
1001,34.3,17,260,6689
1001,29.9,17,260,6690
1001,29,17,260,6691
1001,34.7,17,260,6692
1001,35.4,17,260,6693
1001,37.3,17,260,6694
1001,39.1,17,260,6695
1001,40.5,17,260,6696
1001,40,17,260,6697
1001,40.2,17,260,6698
1001,42.7,17,260,6699
1001,43.5,17,260,6700
1001,42.2,17,260,6701
1001,42.3,17,260,6702
1001,43.6,17,260,6703
1001,43.6,17,260,6704
1001,42.1,17,260,6705
1001,43.1,17,260,6706
1001,43.1,17,260,6707
1001,43.1,17,260,6708
1001,42.7,17,260,6709
1001,42,17,260,6710
1001,43.3,17,260,6711
1001,43.1,17,260,6712
1001,42.9,17,260,6713
1001,43.6,17,260,6714
1001,44.3,17,260,6715
1001,43.4,17,260,6716
1001,43.8,17,260,6717
1001,43.6,17,260,6718
1001,42.8,17,260,6719
1001,42.8,17,260,6720
1001,43.1,17,260,6721
1001,43,17,260,6722
1001,41.2,17,260,6723
1001,42.6,17,260,6724
1001,43.7,17,260,6725
1001,43,17,260,6726
1001,43.5,17,260,6727
1001,42.6,17,260,6728
1001,44.6,17,260,6729
1001,44.4,17,260,6730
1001,44.1,17,260,6731
1001,44.8,17,260,6732
1001,45.3,17,260,6733
1001,46,17,260,6734
1001,43.5,17,260,6735
1001,45.2,17,260,6736
1001,44.7,17,260,6737
1001,44.1,17,260,6738
1001,42.7,17,260,6739
1001,43.3,17,260,6740
1001,43.7,17,260,6741
1001,40.8,17,260,6742
1001,40,17,260,6743
1001,42.3,17,260,6744
1001,42.4,17,260,6745
1001,40.4,17,260,6746
1001,37.1,17,260,6747
1001,40,17,260,6748
1001,40.2,17,260,6749
1001,40.1,17,260,6750
1001,35.8,17,260,6751
1001,37.6,17,260,6752
1001,39.3,17,260,6753
1001,38,17,260,6754
1001,37.6,17,260,6755
1001,34.7,17,260,6756
1001,33.8,17,260,6757
1001,37.9,17,260,6758
1001,34.2,17,260,6759
1001,34,17,260,6760
1001,33.7,17,260,6761
1001,31.4,17,260,6762
1001,36.9,17,260,6763
1001,36.4,17,260,6764
1001,33.3,17,260,6765
1001,37.6,17,260,6766
1001,36.3,17,260,6767
1001,34.7,17,260,6768
1001,34.1,17,260,6769
1001,37.6,17,260,6770
1001,32.8,17,260,6771
1001,31.5,17,260,6772
1001,39.7,17,260,6773
1001,37.3,17,260,6774
1001,35.2,17,260,6775
1001,38.4,17,260,6776
1001,39,17,260,6777
1001,42,17,260,6778
1001,41,17,260,6779
1001,38,17,261,6780
1001,42.7,17,261,6781
1001,41.3,17,261,6782
1001,39.3,17,261,6783
1001,40.7,17,261,6784
1001,40.9,17,261,6785
1001,39.7,17,261,6786
1001,42.1,17,261,6787
1001,41.2,17,261,6788
1001,41.3,17,261,6789
1001,42.4,17,261,6790
1001,43.7,17,261,6791
1001,43.1,17,261,6792
1001,43.6,17,261,6793
1001,43.6,17,261,6794
1001,44.3,17,261,6795
1001,43.7,17,261,6796
1001,45,17,261,6797
1001,44.8,17,261,6798
1001,45,17,261,6799
1001,45.1,17,261,6800
1001,45.3,17,261,6801
1001,45.7,17,261,6802
1001,45.5,17,261,6803
1001,45.1,17,261,6804
1001,45.4,17,261,6805
1001,45.7,17,261,6806
1001,45.2,17,261,6807
1001,45,17,261,6808
1001,43.8,17,261,6809
1001,45.2,17,261,6810
1001,46.5,17,261,6811
1001,45.3,17,261,6812
1001,44.6,17,261,6813
1001,45.6,17,261,6814
1001,44.8,18,261,6815
1001,44.1,18,261,6816
1001,44.7,18,261,6817
1001,43.9,18,261,6818
1001,43.1,18,261,6819
1001,43.3,18,261,6820
1001,44.1,18,261,6821
1001,43.1,18,261,6822
1001,41.4,18,261,6823
1001,41.6,18,261,6824
1001,43.4,18,261,6825
1001,44,18,261,6826
1001,40.6,18,261,6827
1001,42.5,18,261,6828
1001,45.1,18,261,6829
1001,44.3,18,261,6830
1001,42,18,261,6831
1001,41.2,18,261,6832
1001,43.5,18,261,6833
1001,43.2,18,261,6834
1001,41,18,261,6835
1001,38.7,18,261,6836
1001,41.4,18,261,6837
1001,39.4,18,261,6838
1001,35.9,18,261,6839
1001,36.2,18,261,6840
1001,34.6,18,261,6841
1001,36.6,18,261,6842
1001,35.6,18,261,6843
1001,35.2,18,261,6844
1001,39.9,18,261,6845
1001,36.5,18,261,6846
1001,31.6,18,261,6847
1001,38.5,18,261,6848
1001,40.1,18,261,6849
1001,39.7,18,261,6850
1001,39,18,261,6851
1001,41,18,261,6852
1001,40.2,18,261,6853
1001,41.4,18,261,6854
1001,40.1,18,261,6855
1001,39.4,18,261,6856
1001,41.3,18,261,6857
1001,43.2,18,261,6858
1001,42.2,18,261,6859
1001,43.2,18,261,6860
1001,43.7,18,261,6861
1001,42.2,18,261,6862
1001,44.3,18,261,6863
1001,44.8,18,261,6864
1001,42.1,18,261,6865
1001,42.9,18,261,6866
1001,44,18,261,6867
1001,42.4,18,261,6868
1001,42.2,18,261,6869
1001,43.1,18,261,6870
1001,43.7,18,261,6871
1001,43,18,261,6872
1001,46,18,261,6873
1001,43.3,18,261,6874
1001,43.5,18,261,6875
1001,47,18,261,6876
1001,45.4,18,261,6877
1001,45.1,18,261,6878
1001,46.7,18,261,6879
1001,46.7,18,261,6880
1001,45.1,18,261,6881
1001,45.9,18,261,6882
1001,46.2,18,261,6883
1001,46.1,18,261,6884
1001,45.8,18,261,6885
1001,45.5,18,261,6886
1001,46.7,18,261,6887
1001,45.1,18,261,6888
1001,46.2,18,261,6889
1001,45.1,18,261,6890
1001,46.5,18,261,6891
1001,45.3,18,261,6892
1001,44.2,18,261,6893
1001,46.5,18,261,6894
1001,46.4,18,261,6895
1001,44.1,18,261,6896
1001,45.4,18,261,6897
1001,45.7,18,261,6898
1001,44.3,18,261,6899
1001,43.7,18,261,6900
1001,45.1,18,261,6901
1001,44.5,18,261,6902
1001,43.8,18,261,6903
1001,42.7,18,261,6904
1001,43.7,18,261,6905
1001,44.4,18,261,6906
1001,43.3,18,261,6907
1001,43.6,18,261,6908
1001,44.1,18,261,6909
1001,43.9,18,261,6910
1001,42.9,18,261,6911
1001,43.6,18,261,6912
1001,44.2,18,261,6913
1001,43.8,18,261,6914
1001,40.7,18,261,6915
1001,42.7,18,261,6916
1001,43.1,18,261,6917
1001,43,18,261,6918
1001,38.9,18,261,6919
1001,39.6,18,261,6920
1001,42.6,18,261,6921
1001,38,18,261,6922
1001,40,18,261,6923
1001,37.7,18,261,6924
1001,40.2,18,261,6925
1001,38.5,18,261,6926
1001,36.9,18,261,6927
1001,36.2,18,261,6928
1001,38.6,18,261,6929
1001,36.2,18,261,6930
1001,36.7,18,261,6931
1001,39.2,18,261,6932
1001,38.6,18,261,6933
1001,39.4,18,261,6934
1001,41,18,261,6935
1001,40.4,18,261,6936
1001,41.5,18,261,6937
1001,43.2,18,261,6938
1001,42.5,18,261,6939
1001,42.3,18,261,6940
1001,43.6,18,261,6941
1001,43.2,18,261,6942
1001,42.6,18,261,6943
1001,43.9,18,261,6944
1001,42.4,18,261,6945
1001,41.4,18,261,6946
1001,44.1,18,261,6947
1001,43.6,18,261,6948
1001,43.1,18,261,6949
1001,43.8,18,261,6950
1001,43.4,18,261,6951
1001,43.4,18,261,6952
1001,43.7,18,261,6953
1001,43.7,18,261,6954
1001,45.4,18,261,6955
1001,44.7,18,261,6956
1001,43.8,18,261,6957
1001,44.6,18,261,6958
1001,45.7,18,261,6959
1001,46,18,261,6960
1001,45.2,18,261,6961
1001,45.4,18,261,6962
1001,45.1,18,261,6963
1001,46.6,18,261,6964
1001,47.3,18,261,6965
1001,45.3,18,261,6966
1001,44.9,18,261,6967
1001,46.3,18,261,6968
1001,45.4,18,261,6969
1001,46.5,18,261,6970
1001,45.7,18,261,6971
1001,46,18,261,6972
1001,46.2,18,261,6973
1001,45.3,18,261,6974
1001,45.8,18,261,6975
1001,45.3,18,261,6976
1001,45.2,18,261,6977
1001,44.3,18,261,6978
1001,44.7,18,261,6979
1001,45.1,18,261,6980
1001,44.8,18,261,6981
1001,44.3,18,261,6982
1001,43.4,18,261,6983
1001,44.7,18,261,6984
1001,43.5,18,261,6985
1001,42.2,18,261,6986
1001,42.4,18,261,6987
1001,42.7,18,261,6988
1001,43.8,18,261,6989
1001,40.4,19,261,6990
1001,38.3,19,261,6991
1001,41.4,19,261,6992
1001,39.7,19,261,6993
1001,36.6,19,261,6994
1001,36,19,261,6995
1001,39.6,19,261,6996
1001,38.5,19,261,6997
1001,36.2,19,261,6998
1001,36.9,19,261,6999
1001,40.1,19,261,7000
1001,36.6,19,261,7001
1001,38.7,19,261,7002
1001,36.5,19,261,7003
1001,38.9,19,261,7004
1001,37.4,19,261,7005
1001,39.1,19,261,7006
1001,38,19,261,7007
1001,38,19,261,7008
1001,36.5,19,261,7009
1001,37.4,19,261,7010
1001,40.2,19,261,7011
1001,39.2,19,261,7012
1001,38.8,19,261,7013
1001,40.4,19,261,7014
1001,40,19,261,7015
1001,40,19,261,7016
1001,40.6,19,261,7017
1001,40.7,19,261,7018
1001,40.7,19,261,7019
1001,40.8,19,261,7020
1001,39.6,19,261,7021
1001,39.9,19,261,7022
1001,42.8,19,261,7023
1001,41.6,19,261,7024
1001,42.4,19,262,7025
1001,44.4,19,262,7026
1001,43.1,19,262,7027
1001,44.2,19,262,7028
1001,45.1,19,262,7029
1001,47,19,262,7030
1001,45.3,19,262,7031
1001,46,19,262,7032
1001,46.5,19,262,7033
1001,47.2,19,262,7034
1001,45.9,19,262,7035
1001,45.9,19,262,7036
1001,46.7,19,262,7037
1001,47.4,19,262,7038
1001,44.8,19,262,7039
1001,44.9,19,262,7040
1001,47.2,19,262,7041
1001,46.8,19,262,7042
1001,44.4,19,262,7043
1001,45.4,19,262,7044
1001,47.5,19,262,7045
1001,45.4,19,262,7046
1001,44.4,19,262,7047
1001,45.6,19,262,7048
1001,45.9,19,262,7049
1001,44.9,19,262,7050
1001,44.7,19,262,7051
1001,44.9,19,262,7052
1001,45.5,19,262,7053
1001,44.5,19,262,7054
1001,43.3,19,262,7055
1001,45,19,262,7056
1001,44.6,19,262,7057
1001,44.5,19,262,7058
1001,44.3,19,262,7059
1001,45.3,19,262,7060
1001,45.2,19,262,7061
1001,45.3,19,262,7062
1001,44.4,19,262,7063
1001,44.3,19,262,7064
1001,43.9,19,262,7065
1001,43.3,19,262,7066
1001,42.9,19,262,7067
1001,42.6,19,262,7068
1001,41.5,19,262,7069
1001,40.9,19,262,7070
1001,39.3,19,262,7071
1001,39.8,19,262,7072
1001,38.5,19,262,7073
1001,40.4,19,262,7074
1001,38.4,19,262,7075
1001,38.3,19,262,7076
1001,39.6,19,262,7077
1001,39.4,19,262,7078
1001,36.2,19,262,7079
1001,35.2,19,262,7080
1001,37,19,262,7081
1001,37.4,19,262,7082
1001,35.5,19,262,7083
1001,36.5,19,262,7084
1001,36,19,262,7085
1001,40,19,262,7086
1001,41,19,262,7087
1001,41.7,19,262,7088
1001,40.2,19,262,7089
1001,41.7,19,262,7090
1001,43.3,19,262,7091
1001,41.6,19,262,7092
1001,41.4,19,262,7093
1001,42.1,19,262,7094
1001,42.4,19,262,7095
1001,42.2,19,262,7096
1001,41.2,19,262,7097
1001,40.5,19,262,7098
1001,42.4,19,262,7099
1001,42.8,19,262,7100
1001,42,19,262,7101
1001,42.1,19,262,7102
1001,44.9,19,262,7103
1001,44.8,19,262,7104
1001,44,19,262,7105
1001,42.7,19,262,7106
1001,44.7,19,262,7107
1001,45.1,19,262,7108
1001,42.9,19,262,7109
1001,45.6,19,262,7110
1001,45.8,19,262,7111
1001,45.5,19,262,7112
1001,45.8,19,262,7113
1001,46.3,19,262,7114
1001,46.9,19,262,7115
1001,46.9,19,262,7116
1001,46.7,19,262,7117
1001,47.4,19,262,7118
1001,46.8,19,262,7119
1001,46.6,19,262,7120
1001,46.3,19,262,7121
1001,46,19,262,7122
1001,45.6,19,262,7123
1001,45.5,19,262,7124
1001,44.9,19,262,7125
1001,44.4,19,262,7126
1001,44.6,19,262,7127
1001,45.6,19,262,7128
1001,44.7,19,262,7129
1001,44.6,20,262,7130
1001,44.5,20,262,7131
1001,45.4,20,262,7132
1001,46.1,20,262,7133
1001,44.9,20,262,7134
1001,44.2,20,262,7135
1001,45.3,20,262,7136
1001,44.5,20,262,7137
1001,43.7,20,262,7138
1001,43.2,20,262,7139
1001,45,20,262,7140
1001,44.6,20,262,7141
1001,42.8,20,262,7142
1001,43.1,20,262,7143
1001,41.9,20,262,7144
1001,43.5,20,262,7145
1001,44,20,262,7146
1001,41.7,20,262,7147
1001,41.5,20,262,7148
1001,43.8,20,262,7149
1001,43.5,20,262,7150
1001,39.8,20,262,7151
1001,40,20,262,7152
1001,41.1,20,262,7153
1001,40.3,20,262,7154
1001,40.1,20,262,7155
1001,37.4,20,262,7156
1001,38.8,20,262,7157
1001,39.9,20,262,7158
1001,38.3,20,262,7159
1001,38.5,20,262,7160
1001,37.7,20,262,7161
1001,40.5,20,262,7162
1001,40,20,262,7163
1001,38.7,20,262,7164
1001,36.6,20,262,7165
1001,36.6,20,262,7166
1001,39.3,20,262,7167
1001,39.6,20,262,7168
1001,37.5,20,262,7169
1001,38.8,20,262,7170
1001,41,20,262,7171
1001,41.6,20,262,7172
1001,40,20,262,7173
1001,44.1,20,262,7174
1001,42.5,20,262,7175
1001,40.4,20,262,7176
1001,44.4,20,262,7177
1001,44.4,20,262,7178
1001,42.1,20,262,7179
1001,43.1,20,262,7180
1001,44.6,20,262,7181
1001,43.3,20,262,7182
1001,44.5,20,262,7183
1001,45.4,20,262,7184
1001,44.8,20,262,7185
1001,44.3,20,262,7186
1001,45.4,20,262,7187
1001,45.4,20,262,7188
1001,44.9,20,262,7189
1001,44.5,20,262,7190
1001,45.3,20,262,7191
1001,46,20,262,7192
1001,44.6,20,262,7193
1001,43.5,20,262,7194
1001,44.9,20,262,7195
1001,45.8,20,262,7196
1001,43.7,20,262,7197
1001,44.5,20,262,7198
1001,45.1,20,262,7199
1001,45.7,20,262,7200
