meas_idx,obs_idx,sat_id,start_time,end_time,used,max_rh,max_amp,mean_amp,num_recs
2,0,65535,65535,65535,true,NaN,NaN,NaN,4294967295
2,1,65535,65535,65535,true,NaN,NaN,NaN,4294967295
2,2,65535,65535,65535,true,NaN,NaN,NaN,4294967295
2,3,65535,65535,65535,true,NaN,NaN,NaN,4294967295
2,4,65535,65535,65535,true,NaN,NaN,NaN,4294967295
2,5,65535,65535,65535,true,NaN,NaN,NaN,4294967295
2,6,65535,65535,65535,true,NaN,NaN,NaN,4294967295
2,7,65535,65535,65535,true,NaN,NaN,NaN,4294967295
2,8,65535,65535,65535,true,NaN,NaN,NaN,4294967295
2,9,65535,65535,65535,true,NaN,NaN,NaN,4294967295
2,10,65535,65535,65535,true,NaN,NaN,NaN,4294967295
2,11,65535,65535,65535,true,NaN,NaN,NaN,4294967295
2,12,65535,65535,65535,true,NaN,NaN,NaN,4294967295
2,13,65535,65535,65535,true,NaN,NaN,NaN,4294967295
2,14,65535,65535,65535,true,NaN,NaN,NaN,4294967295
2,15,65535,65535,65535,true,NaN,NaN,NaN,4294967295
2,16,65535,65535,65535,true,NaN,NaN,NaN,4294967295
2,17,65535,65535,65535,true,NaN,NaN,NaN,4294967295
2,18,65535,65535,65535,true,NaN,NaN,NaN,4294967295
2,19,65535,65535,65535,true,NaN,NaN,NaN,4294967295
2,20,65535,65535,65535,true,NaN,NaN,NaN,4294967295
2,21,65535,65535,65535,true,NaN,NaN,NaN,4294967295
2,22,65535,65535,65535,true,NaN,NaN,NaN,4294967295
2,23,65535,65535,65535,true,NaN,NaN,NaN,4294967295
2,24,65535,65535,65535,true,NaN,NaN,NaN,4294967295
2,25,65535,65535,65535,true,NaN,NaN,NaN,4294967295
2,26,65535,65535,65535,true,NaN,NaN,NaN,4294967295
2,27,65535,65535,65535,true,NaN,NaN,NaN,4294967295
2,28,65535,65535,65535,true,NaN,NaN,NaN,4294967295
2,29,65535,65535,65535,true,NaN,NaN,NaN,4294967295
2,30,65535,65535,65535,true,NaN,NaN,NaN,4294967295
2,31,65535,65535,65535,true,NaN,NaN,NaN,4294967295
2,32,65535,65535,65535,true,NaN,NaN,NaN,4294967295
2,33,65535,65535,65535,true,NaN,NaN,NaN,4294967295
2,34,65535,65535,65535,true,NaN,NaN,NaN,4294967295
2,35,65535,65535,65535,true,NaN,NaN,NaN,4294967295
2,36,65535,65535,65535,true,NaN,NaN,NaN,4294967295
2,37,65535,65535,65535,true,NaN,NaN,NaN,4294967295
2,38,65535,65535,65535,true,NaN,NaN,NaN,4294967295
2,39,65535,65535,65535,true,NaN,NaN,NaN,4294967295
2,40,65535,65535,65535,true,NaN,NaN,NaN,4294967295
2,41,65535,65535,65535,true,NaN,NaN,NaN,4294967295
2,42,65535,65535,65535,true,NaN,NaN,NaN,4294967295
2,43,65535,65535,65535,true,NaN,NaN,NaN,4294967295
2,44,65535,65535,65535,true,NaN,NaN,NaN,4294967295
2,45,65535,65535,65535,true,NaN,NaN,NaN,4294967295
2,46,65535,65535,65535,true,NaN,NaN,NaN,4294967295
2,47,65535,65535,65535,true,NaN,NaN,NaN,4294967295
2,48,65535,65535,65535,true,NaN,NaN,NaN,4294967295
2,49,65535,65535,65535,true,NaN,NaN,NaN,4294967295
2,50,65535,65535,65535,true,NaN,NaN,NaN,4294967295
2,51,65535,65535,65535,true,NaN,NaN,NaN,4294967295
2,52,65535,65535,65535,true,NaN,NaN,NaN,4294967295
2,53,65535,65535,65535,true,NaN,NaN,NaN,4294967295
2,54,65535,65535,65535,true,NaN,NaN,NaN,4294967295
2,55,65535,65535,65535,true,NaN,NaN,NaN,4294967295
2,56,65535,65535,65535,true,NaN,NaN,NaN,4294967295
2,57,65535,65535,65535,true,NaN,NaN,NaN,4294967295
2,58,65535,65535,65535,true,NaN,NaN,NaN,4294967295
2,59,65535,65535,65535,true,NaN,NaN,NaN,4294967295
2,60,65535,65535,65535,true,NaN,NaN,NaN,4294967295
2,61,65535,65535,65535,true,NaN,NaN,NaN,4294967295
2,62,65535,65535,65535,true,NaN,NaN,NaN,4294967295
2,63,65535,65535,65535,true,NaN,NaN,NaN,4294967295
2,64,65535,65535,65535,true,NaN,NaN,NaN,4294967295
2,65,65535,65535,65535,true,NaN,NaN,NaN,4294967295
2,66,65535,65535,65535,true,NaN,NaN,NaN,4294967295
2,67,65535,65535,65535,true,NaN,NaN,NaN,4294967295
2,68,65535,65535,65535,true,NaN,NaN,NaN,4294967295
2,69,65535,65535,65535,true,NaN,NaN,NaN,4294967295
2,70,65535,65535,65535,true,NaN,NaN,NaN,4294967295
2,71,65535,65535,65535,true,NaN,NaN,NaN,4294967295
2,72,65535,65535,65535,true,NaN,NaN,NaN,4294967295
2,73,65535,65535,65535,true,NaN,NaN,NaN,4294967295
2,74,65535,65535,65535,true,NaN,NaN,NaN,4294967295
2,75,65535,65535,65535,true,NaN,NaN,NaN,4294967295
2,76,65535,65535,65535,true,NaN,NaN,NaN,4294967295
2,77,65535,65535,65535,true,NaN,NaN,NaN,4294967295
2,78,65535,65535,65535,true,NaN,NaN,NaN,4294967295
2,79,65535,65535,65535,true,NaN,NaN,NaN,4294967295
2,80,65535,65535,65535,true,NaN,NaN,NaN,4294967295
2,81,65535,65535,65535,true,NaN,NaN,NaN,4294967295
2,82,65535,65535,65535,true,NaN,NaN,NaN,4294967295
2,83,65535,65535,65535,true,NaN,NaN,NaN,4294967295
2,84,65535,65535,65535,true,NaN,NaN,NaN,4294967295
2,85,65535,65535,65535,true,NaN,NaN,NaN,4294967295
2,86,65535,65535,65535,true,NaN,NaN,NaN,4294967295
2,87,65535,65535,65535,true,NaN,NaN,NaN,4294967295
2,88,65535,65535,65535,true,NaN,NaN,NaN,4294967295
2,89,65535,65535,65535,true,NaN,NaN,NaN,4294967295
2,90,65535,65535,65535,true,NaN,NaN,NaN,4294967295
2,91,65535,65535,65535,true,NaN,NaN,NaN,4294967295
2,92,65535,65535,65535,true,NaN,NaN,NaN,4294967295
2,93,65535,65535,65535,true,NaN,NaN,NaN,4294967295
2,94,65535,65535,65535,true,NaN,NaN,NaN,4294967295
2,95,65535,65535,65535,true,NaN,NaN,NaN,4294967295
2,96,65535,65535,65535,true,NaN,NaN,NaN,4294967295
2,97,65535,65535,65535,true,NaN,NaN,NaN,4294967295
2,98,65535,65535,65535,true,NaN,NaN,NaN,4294967295
2,99,65535,65535,65535,true,NaN,NaN,NaN,4294967295
2,100,65535,65535,65535,true,NaN,NaN,NaN,4294967295
2,101,65535,65535,65535,true,NaN,NaN,NaN,4294967295
2,102,65535,65535,65535,true,NaN,NaN,NaN,4294967295
2,103,65535,65535,65535,true,NaN,NaN,NaN,4294967295
2,104,65535,65535,65535,true,NaN,NaN,NaN,4294967295
2,105,65535,65535,65535,true,NaN,NaN,NaN,4294967295
2,106,65535,65535,65535,true,NaN,NaN,NaN,4294967295
2,107,65535,65535,65535,true,NaN,NaN,NaN,4294967295
2,108,65535,65535,65535,true,NaN,NaN,NaN,4294967295
2,109,65535,65535,65535,true,NaN,NaN,NaN,4294967295
2,110,65535,65535,65535,true,NaN,NaN,NaN,4294967295
2,111,65535,65535,65535,true,NaN,NaN,NaN,4294967295
2,112,65535,65535,65535,true,NaN,NaN,NaN,4294967295
2,113,65535,65535,65535,true,NaN,NaN,NaN,4294967295
2,114,65535,65535,65535,true,NaN,NaN,NaN,4294967295
2,115,65535,65535,65535,true,NaN,NaN,NaN,4294967295
2,116,65535,65535,65535,true,NaN,NaN,NaN,4294967295
2,117,65535,65535,65535,true,NaN,NaN,NaN,4294967295
2,118,65535,65535,65535,true,NaN,NaN,NaN,4294967295
2,119,65535,65535,65535,true,NaN,NaN,NaN,4294967295
2,120,65535,65535,65535,true,NaN,NaN,NaN,4294967295
2,121,65535,65535,65535,true,NaN,NaN,NaN,4294967295
2,122,65535,65535,65535,true,NaN,NaN,NaN,4294967295
2,123,65535,65535,65535,true,NaN,NaN,NaN,4294967295
2,124,65535,65535,65535,true,NaN,NaN,NaN,4294967295
2,125,65535,65535,65535,true,NaN,NaN,NaN,4294967295
2,126,65535,65535,65535,true,NaN,NaN,NaN,4294967295
2,127,65535,65535,65535,true,NaN,NaN,NaN,4294967295
3,0,65535,65535,65535,true,NaN,NaN,NaN,4294967295
3,1,65535,65535,65535,true,NaN,NaN,NaN,4294967295
3,2,65535,65535,65535,true,NaN,NaN,NaN,4294967295
3,3,65535,65535,65535,true,NaN,NaN,NaN,4294967295
3,4,65535,65535,65535,true,NaN,NaN,NaN,4294967295
3,5,65535,65535,65535,true,NaN,NaN,NaN,4294967295
3,6,65535,65535,65535,true,NaN,NaN,NaN,4294967295
3,7,65535,65535,65535,true,NaN,NaN,NaN,4294967295
3,8,65535,65535,65535,true,NaN,NaN,NaN,4294967295
3,9,65535,65535,65535,true,NaN,NaN,NaN,4294967295
3,10,65535,65535,65535,true,NaN,NaN,NaN,4294967295
3,11,65535,65535,65535,true,NaN,NaN,NaN,4294967295
3,12,65535,65535,65535,true,NaN,NaN,NaN,4294967295
3,13,65535,65535,65535,true,NaN,NaN,NaN,4294967295
3,14,65535,65535,65535,true,NaN,NaN,NaN,4294967295
3,15,65535,65535,65535,true,NaN,NaN,NaN,4294967295
3,16,65535,65535,65535,true,NaN,NaN,NaN,4294967295
3,17,65535,65535,65535,true,NaN,NaN,NaN,4294967295
3,18,65535,65535,65535,true,NaN,NaN,NaN,4294967295
3,19,65535,65535,65535,true,NaN,NaN,NaN,4294967295
3,20,65535,65535,65535,true,NaN,NaN,NaN,4294967295
3,21,65535,65535,65535,true,NaN,NaN,NaN,4294967295
3,22,65535,65535,65535,true,NaN,NaN,NaN,4294967295
3,23,65535,65535,65535,true,NaN,NaN,NaN,4294967295
3,24,65535,65535,65535,true,NaN,NaN,NaN,4294967295
3,25,65535,65535,65535,true,NaN,NaN,NaN,4294967295
3,26,65535,65535,65535,true,NaN,NaN,NaN,4294967295
3,27,65535,65535,65535,true,NaN,NaN,NaN,4294967295
3,28,65535,65535,65535,true,NaN,NaN,NaN,4294967295
3,29,65535,65535,65535,true,NaN,NaN,NaN,4294967295
3,30,65535,65535,65535,true,NaN,NaN,NaN,4294967295
3,31,65535,65535,65535,true,NaN,NaN,NaN,4294967295
3,32,65535,65535,65535,true,NaN,NaN,NaN,4294967295
3,33,65535,65535,65535,true,NaN,NaN,NaN,4294967295
3,34,65535,65535,65535,true,NaN,NaN,NaN,4294967295
3,35,65535,65535,65535,true,NaN,NaN,NaN,4294967295
3,36,65535,65535,65535,true,NaN,NaN,NaN,4294967295
3,37,65535,65535,65535,true,NaN,NaN,NaN,4294967295
3,38,65535,65535,65535,true,NaN,NaN,NaN,4294967295
3,39,65535,65535,65535,true,NaN,NaN,NaN,4294967295
3,40,65535,65535,65535,true,NaN,NaN,NaN,4294967295
3,41,65535,65535,65535,true,NaN,NaN,NaN,4294967295
3,42,65535,65535,65535,true,NaN,NaN,NaN,4294967295
3,43,65535,65535,65535,true,NaN,NaN,NaN,4294967295
3,44,65535,65535,65535,true,NaN,NaN,NaN,4294967295
3,45,65535,65535,65535,true,NaN,NaN,NaN,4294967295
3,46,65535,65535,65535,true,NaN,NaN,NaN,4294967295
3,47,65535,65535,65535,true,NaN,NaN,NaN,4294967295
3,48,65535,65535,65535,true,NaN,NaN,NaN,4294967295
3,49,65535,65535,65535,true,NaN,NaN,NaN,4294967295
3,50,65535,65535,65535,true,NaN,NaN,NaN,4294967295
3,51,65535,65535,65535,true,NaN,NaN,NaN,4294967295
3,52,65535,65535,65535,true,NaN,NaN,NaN,4294967295
3,53,65535,65535,65535,true,NaN,NaN,NaN,4294967295
3,54,65535,65535,65535,true,NaN,NaN,NaN,4294967295
3,55,65535,65535,65535,true,NaN,NaN,NaN,4294967295
3,56,65535,65535,65535,true,NaN,NaN,NaN,4294967295
3,57,65535,65535,65535,true,NaN,NaN,NaN,4294967295
3,58,65535,65535,65535,true,NaN,NaN,NaN,4294967295
3,59,65535,65535,65535,true,NaN,NaN,NaN,4294967295
3,60,65535,65535,65535,true,NaN,NaN,NaN,4294967295
3,61,65535,65535,65535,true,NaN,NaN,NaN,4294967295
3,62,65535,65535,65535,true,NaN,NaN,NaN,4294967295
3,63,65535,65535,65535,true,NaN,NaN,NaN,4294967295
3,64,65535,65535,65535,true,NaN,NaN,NaN,4294967295
3,65,65535,65535,65535,true,NaN,NaN,NaN,4294967295
3,66,65535,65535,65535,true,NaN,NaN,NaN,4294967295
3,67,65535,65535,65535,true,NaN,NaN,NaN,4294967295
3,68,65535,65535,65535,true,NaN,NaN,NaN,4294967295
3,69,65535,65535,65535,true,NaN,NaN,NaN,4294967295
3,70,65535,65535,65535,true,NaN,NaN,NaN,4294967295
3,71,65535,65535,65535,true,NaN,NaN,NaN,4294967295
3,72,65535,65535,65535,true,NaN,NaN,NaN,4294967295
3,73,65535,65535,65535,true,NaN,NaN,NaN,4294967295
3,74,65535,65535,65535,true,NaN,NaN,NaN,4294967295
3,75,65535,65535,65535,true,NaN,NaN,NaN,4294967295
3,76,65535,65535,65535,true,NaN,NaN,NaN,4294967295
3,77,65535,65535,65535,true,NaN,NaN,NaN,4294967295
3,78,65535,65535,65535,true,NaN,NaN,NaN,4294967295
3,79,65535,65535,65535,true,NaN,NaN,NaN,4294967295
3,80,65535,65535,65535,true,NaN,NaN,NaN,4294967295
3,81,65535,65535,65535,true,NaN,NaN,NaN,4294967295
3,82,65535,65535,65535,true,NaN,NaN,NaN,4294967295
3,83,65535,65535,65535,true,NaN,NaN,NaN,4294967295
3,84,65535,65535,65535,true,NaN,NaN,NaN,4294967295
3,85,65535,65535,65535,true,NaN,NaN,NaN,4294967295
3,86,65535,65535,65535,true,NaN,NaN,NaN,4294967295
3,87,65535,65535,65535,true,NaN,NaN,NaN,4294967295
3,88,65535,65535,65535,true,NaN,NaN,NaN,4294967295
3,89,65535,65535,65535,true,NaN,NaN,NaN,4294967295
3,90,65535,65535,65535,true,NaN,NaN,NaN,4294967295
3,91,65535,65535,65535,true,NaN,NaN,NaN,4294967295
3,92,65535,65535,65535,true,NaN,NaN,NaN,4294967295
3,93,65535,65535,65535,true,NaN,NaN,NaN,4294967295
3,94,65535,65535,65535,true,NaN,NaN,NaN,4294967295
3,95,65535,65535,65535,true,NaN,NaN,NaN,4294967295
3,96,65535,65535,65535,true,NaN,NaN,NaN,4294967295
3,97,65535,65535,65535,true,NaN,NaN,NaN,4294967295
3,98,65535,65535,65535,true,NaN,NaN,NaN,4294967295
3,99,65535,65535,65535,true,NaN,NaN,NaN,4294967295
3,100,65535,65535,65535,true,NaN,NaN,NaN,4294967295
3,101,65535,65535,65535,true,NaN,NaN,NaN,4294967295
3,102,65535,65535,65535,true,NaN,NaN,NaN,4294967295
3,103,65535,65535,65535,true,NaN,NaN,NaN,4294967295
3,104,65535,65535,65535,true,NaN,NaN,NaN,4294967295
3,105,65535,65535,65535,true,NaN,NaN,NaN,4294967295
3,106,65535,65535,65535,true,NaN,NaN,NaN,4294967295
3,107,65535,65535,65535,true,NaN,NaN,NaN,4294967295
3,108,65535,65535,65535,true,NaN,NaN,NaN,4294967295
3,109,65535,65535,65535,true,NaN,NaN,NaN,4294967295
3,110,65535,65535,65535,true,NaN,NaN,NaN,4294967295
3,111,65535,65535,65535,true,NaN,NaN,NaN,4294967295
3,112,65535,65535,65535,true,NaN,NaN,NaN,4294967295
3,113,65535,65535,65535,true,NaN,NaN,NaN,4294967295
3,114,65535,65535,65535,true,NaN,NaN,NaN,4294967295
3,115,65535,65535,65535,true,NaN,NaN,NaN,4294967295
3,116,65535,65535,65535,true,NaN,NaN,NaN,4294967295
3,117,65535,65535,65535,true,NaN,NaN,NaN,4294967295
3,118,65535,65535,65535,true,NaN,NaN,NaN,4294967295
3,119,65535,65535,65535,true,NaN,NaN,NaN,4294967295
3,120,65535,65535,65535,true,NaN,NaN,NaN,4294967295
3,121,65535,65535,65535,true,NaN,NaN,NaN,4294967295
3,122,65535,65535,65535,true,NaN,NaN,NaN,4294967295
3,123,65535,65535,65535,true,NaN,NaN,NaN,4294967295
3,124,65535,65535,65535,true,NaN,NaN,NaN,4294967295
3,125,65535,65535,65535,true,NaN,NaN,NaN,4294967295
3,126,65535,65535,65535,true,NaN,NaN,NaN,4294967295
3,127,65535,65535,65535,true,NaN,NaN,NaN,4294967295
4,0,65535,65535,65535,true,NaN,NaN,NaN,4294967295
4,1,65535,65535,65535,true,NaN,NaN,NaN,4294967295
4,2,65535,65535,65535,true,NaN,NaN,NaN,4294967295
4,3,65535,65535,65535,true,NaN,NaN,NaN,4294967295
4,4,65535,65535,65535,true,NaN,NaN,NaN,4294967295
4,5,65535,65535,65535,true,NaN,NaN,NaN,4294967295
4,6,65535,65535,65535,true,NaN,NaN,NaN,4294967295
4,7,65535,65535,65535,true,NaN,NaN,NaN,4294967295
4,8,65535,65535,65535,true,NaN,NaN,NaN,4294967295
4,9,65535,65535,65535,true,NaN,NaN,NaN,4294967295
4,10,65535,65535,65535,true,NaN,NaN,NaN,4294967295
4,11,65535,65535,65535,true,NaN,NaN,NaN,4294967295
4,12,65535,65535,65535,true,NaN,NaN,NaN,4294967295
4,13,65535,65535,65535,true,NaN,NaN,NaN,4294967295
4,14,65535,65535,65535,true,NaN,NaN,NaN,4294967295
4,15,65535,65535,65535,true,NaN,NaN,NaN,4294967295
4,16,65535,65535,65535,true,NaN,NaN,NaN,4294967295
4,17,65535,65535,65535,true,NaN,NaN,NaN,4294967295
4,18,65535,65535,65535,true,NaN,NaN,NaN,4294967295
4,19,65535,65535,65535,true,NaN,NaN,NaN,4294967295
4,20,65535,65535,65535,true,NaN,NaN,NaN,4294967295
4,21,65535,65535,65535,true,NaN,NaN,NaN,4294967295
4,22,65535,65535,65535,true,NaN,NaN,NaN,4294967295
4,23,65535,65535,65535,true,NaN,NaN,NaN,4294967295
4,24,65535,65535,65535,true,NaN,NaN,NaN,4294967295
4,25,65535,65535,65535,true,NaN,NaN,NaN,4294967295
4,26,65535,65535,65535,true,NaN,NaN,NaN,4294967295
4,27,65535,65535,65535,true,NaN,NaN,NaN,4294967295
4,28,65535,65535,65535,true,NaN,NaN,NaN,4294967295
4,29,65535,65535,65535,true,NaN,NaN,NaN,4294967295
4,30,65535,65535,65535,true,NaN,NaN,NaN,4294967295
4,31,65535,65535,65535,true,NaN,NaN,NaN,4294967295
4,32,65535,65535,65535,true,NaN,NaN,NaN,4294967295
4,33,65535,65535,65535,true,NaN,NaN,NaN,4294967295
4,34,65535,65535,65535,true,NaN,NaN,NaN,4294967295
4,35,65535,65535,65535,true,NaN,NaN,NaN,4294967295
4,36,65535,65535,65535,true,NaN,NaN,NaN,4294967295
4,37,65535,65535,65535,true,NaN,NaN,NaN,4294967295
4,38,65535,65535,65535,true,NaN,NaN,NaN,4294967295
4,39,65535,65535,65535,true,NaN,NaN,NaN,4294967295
4,40,65535,65535,65535,true,NaN,NaN,NaN,4294967295
4,41,65535,65535,65535,true,NaN,NaN,NaN,4294967295
4,42,65535,65535,65535,true,NaN,NaN,NaN,4294967295
4,43,65535,65535,65535,true,NaN,NaN,NaN,4294967295
4,44,65535,65535,65535,true,NaN,NaN,NaN,4294967295
4,45,65535,65535,65535,true,NaN,NaN,NaN,4294967295
4,46,65535,65535,65535,true,NaN,NaN,NaN,4294967295
4,47,65535,65535,65535,true,NaN,NaN,NaN,4294967295
4,48,65535,65535,65535,true,NaN,NaN,NaN,4294967295
4,49,65535,65535,65535,true,NaN,NaN,NaN,4294967295
4,50,65535,65535,65535,true,NaN,NaN,NaN,4294967295
4,51,65535,65535,65535,true,NaN,NaN,NaN,4294967295
4,52,65535,65535,65535,true,NaN,NaN,NaN,4294967295
4,53,65535,65535,65535,true,NaN,NaN,NaN,4294967295
4,54,65535,65535,65535,true,NaN,NaN,NaN,4294967295
4,55,65535,65535,65535,true,NaN,NaN,NaN,4294967295
4,56,65535,65535,65535,true,NaN,NaN,NaN,4294967295
4,57,65535,65535,65535,true,NaN,NaN,NaN,4294967295
4,58,65535,65535,65535,true,NaN,NaN,NaN,4294967295
4,59,65535,65535,65535,true,NaN,NaN,NaN,4294967295
4,60,65535,65535,65535,true,NaN,NaN,NaN,4294967295
4,61,65535,65535,65535,true,NaN,NaN,NaN,4294967295
4,62,65535,65535,65535,true,NaN,NaN,NaN,4294967295
4,63,65535,65535,65535,true,NaN,NaN,NaN,4294967295
4,64,65535,65535,65535,true,NaN,NaN,NaN,4294967295
4,65,65535,65535,65535,true,NaN,NaN,NaN,4294967295
4,66,65535,65535,65535,true,NaN,NaN,NaN,4294967295
4,67,65535,65535,65535,true,NaN,NaN,NaN,4294967295
4,68,65535,65535,65535,true,NaN,NaN,NaN,4294967295
4,69,65535,65535,65535,true,NaN,NaN,NaN,4294967295
4,70,65535,65535,65535,true,NaN,NaN,NaN,4294967295
4,71,65535,65535,65535,true,NaN,NaN,NaN,4294967295
4,72,65535,65535,65535,true,NaN,NaN,NaN,4294967295
4,73,65535,65535,65535,true,NaN,NaN,NaN,4294967295
4,74,65535,65535,65535,true,NaN,NaN,NaN,4294967295
4,75,65535,65535,65535,true,NaN,NaN,NaN,4294967295
4,76,65535,65535,65535,true,NaN,NaN,NaN,4294967295
4,77,65535,65535,65535,true,NaN,NaN,NaN,4294967295
4,78,65535,65535,65535,true,NaN,NaN,NaN,4294967295
4,79,65535,65535,65535,true,NaN,NaN,NaN,4294967295
4,80,65535,65535,65535,true,NaN,NaN,NaN,4294967295
4,81,65535,65535,65535,true,NaN,NaN,NaN,4294967295
4,82,65535,65535,65535,true,NaN,NaN,NaN,4294967295
4,83,65535,65535,65535,true,NaN,NaN,NaN,4294967295
4,84,65535,65535,65535,true,NaN,NaN,NaN,4294967295
4,85,65535,65535,65535,true,NaN,NaN,NaN,4294967295
4,86,65535,65535,65535,true,NaN,NaN,NaN,4294967295
4,87,65535,65535,65535,true,NaN,NaN,NaN,4294967295
4,88,65535,65535,65535,true,NaN,NaN,NaN,4294967295
4,89,65535,65535,65535,true,NaN,NaN,NaN,4294967295
4,90,65535,65535,65535,true,NaN,NaN,NaN,4294967295
4,91,65535,65535,65535,true,NaN,NaN,NaN,4294967295
4,92,65535,65535,65535,true,NaN,NaN,NaN,4294967295
4,93,65535,65535,65535,true,NaN,NaN,NaN,4294967295
4,94,65535,65535,65535,true,NaN,NaN,NaN,4294967295
4,95,65535,65535,65535,true,NaN,NaN,NaN,4294967295
4,96,65535,65535,65535,true,NaN,NaN,NaN,4294967295
4,97,65535,65535,65535,true,NaN,NaN,NaN,4294967295
4,98,65535,65535,65535,true,NaN,NaN,NaN,4294967295
4,99,65535,65535,65535,true,NaN,NaN,NaN,4294967295
4,100,65535,65535,65535,true,NaN,NaN,NaN,4294967295
4,101,65535,65535,65535,true,NaN,NaN,NaN,4294967295
4,102,65535,65535,65535,true,NaN,NaN,NaN,4294967295
4,103,65535,65535,65535,true,NaN,NaN,NaN,4294967295
4,104,65535,65535,65535,true,NaN,NaN,NaN,4294967295
4,105,65535,65535,65535,true,NaN,NaN,NaN,4294967295
4,106,65535,65535,65535,true,NaN,NaN,NaN,4294967295
4,107,65535,65535,65535,true,NaN,NaN,NaN,4294967295
4,108,65535,65535,65535,true,NaN,NaN,NaN,4294967295
4,109,65535,65535,65535,true,NaN,NaN,NaN,4294967295
4,110,65535,65535,65535,true,NaN,NaN,NaN,4294967295
4,111,65535,65535,65535,true,NaN,NaN,NaN,4294967295
4,112,65535,65535,65535,true,NaN,NaN,NaN,4294967295
4,113,65535,65535,65535,true,NaN,NaN,NaN,4294967295
4,114,65535,65535,65535,true,NaN,NaN,NaN,4294967295
4,115,65535,65535,65535,true,NaN,NaN,NaN,4294967295
4,116,65535,65535,65535,true,NaN,NaN,NaN,4294967295
4,117,65535,65535,65535,true,NaN,NaN,NaN,4294967295
4,118,65535,65535,65535,true,NaN,NaN,NaN,4294967295
4,119,65535,65535,65535,true,NaN,NaN,NaN,4294967295
4,120,65535,65535,65535,true,NaN,NaN,NaN,4294967295
4,121,65535,65535,65535,true,NaN,NaN,NaN,4294967295
4,122,65535,65535,65535,true,NaN,NaN,NaN,4294967295
4,123,65535,65535,65535,true,NaN,NaN,NaN,4294967295
4,124,65535,65535,65535,true,NaN,NaN,NaN,4294967295
4,125,65535,65535,65535,true,NaN,NaN,NaN,4294967295
4,126,65535,65535,65535,true,NaN,NaN,NaN,4294967295
4,127,65535,65535,65535,true,NaN,NaN,NaN,4294967295
5,0,65535,65535,65535,true,NaN,NaN,NaN,4294967295
5,1,65535,65535,65535,true,NaN,NaN,NaN,4294967295
5,2,65535,65535,65535,true,NaN,NaN,NaN,4294967295
5,3,65535,65535,65535,true,NaN,NaN,NaN,4294967295
5,4,65535,65535,65535,true,NaN,NaN,NaN,4294967295
5,5,65535,65535,65535,true,NaN,NaN,NaN,4294967295
5,6,65535,65535,65535,true,NaN,NaN,NaN,4294967295
5,7,65535,65535,65535,true,NaN,NaN,NaN,4294967295
5,8,65535,65535,65535,true,NaN,NaN,NaN,4294967295
5,9,65535,65535,65535,true,NaN,NaN,NaN,4294967295
5,10,65535,65535,65535,true,NaN,NaN,NaN,4294967295
5,11,65535,65535,65535,true,NaN,NaN,NaN,4294967295
5,12,65535,65535,65535,true,NaN,NaN,NaN,4294967295
5,13,65535,65535,65535,true,NaN,NaN,NaN,4294967295
5,14,65535,65535,65535,true,NaN,NaN,NaN,4294967295
5,15,65535,65535,65535,true,NaN,NaN,NaN,4294967295
5,16,65535,65535,65535,true,NaN,NaN,NaN,4294967295
5,17,65535,65535,65535,true,NaN,NaN,NaN,4294967295
5,18,65535,65535,65535,true,NaN,NaN,NaN,4294967295
5,19,65535,65535,65535,true,NaN,NaN,NaN,4294967295
5,20,65535,65535,65535,true,NaN,NaN,NaN,4294967295
5,21,65535,65535,65535,true,NaN,NaN,NaN,4294967295
5,22,65535,65535,65535,true,NaN,NaN,NaN,4294967295
5,23,65535,65535,65535,true,NaN,NaN,NaN,4294967295
5,24,65535,65535,65535,true,NaN,NaN,NaN,4294967295
5,25,65535,65535,65535,true,NaN,NaN,NaN,4294967295
5,26,65535,65535,65535,true,NaN,NaN,NaN,4294967295
5,27,65535,65535,65535,true,NaN,NaN,NaN,4294967295
5,28,65535,65535,65535,true,NaN,NaN,NaN,4294967295
5,29,65535,65535,65535,true,NaN,NaN,NaN,4294967295
5,30,65535,65535,65535,true,NaN,NaN,NaN,4294967295
5,31,65535,65535,65535,true,NaN,NaN,NaN,4294967295
5,32,65535,65535,65535,true,NaN,NaN,NaN,4294967295
5,33,65535,65535,65535,true,NaN,NaN,NaN,4294967295
5,34,65535,65535,65535,true,NaN,NaN,NaN,4294967295
5,35,65535,65535,65535,true,NaN,NaN,NaN,4294967295
5,36,65535,65535,65535,true,NaN,NaN,NaN,4294967295
5,37,65535,65535,65535,true,NaN,NaN,NaN,4294967295
5,38,65535,65535,65535,true,NaN,NaN,NaN,4294967295
5,39,65535,65535,65535,true,NaN,NaN,NaN,4294967295
5,40,65535,65535,65535,true,NaN,NaN,NaN,4294967295
5,41,65535,65535,65535,true,NaN,NaN,NaN,4294967295
5,42,65535,65535,65535,true,NaN,NaN,NaN,4294967295
5,43,65535,65535,65535,true,NaN,NaN,NaN,4294967295
5,44,65535,65535,65535,true,NaN,NaN,NaN,4294967295
5,45,65535,65535,65535,true,NaN,NaN,NaN,4294967295
5,46,65535,65535,65535,true,NaN,NaN,NaN,4294967295
5,47,65535,65535,65535,true,NaN,NaN,NaN,4294967295
5,48,65535,65535,65535,true,NaN,NaN,NaN,4294967295
5,49,65535,65535,65535,true,NaN,NaN,NaN,4294967295
5,50,65535,65535,65535,true,NaN,NaN,NaN,4294967295
5,51,65535,65535,65535,true,NaN,NaN,NaN,4294967295
5,52,65535,65535,65535,true,NaN,NaN,NaN,4294967295
5,53,65535,65535,65535,true,NaN,NaN,NaN,4294967295
5,54,65535,65535,65535,true,NaN,NaN,NaN,4294967295
5,55,65535,65535,65535,true,NaN,NaN,NaN,4294967295
5,56,65535,65535,65535,true,NaN,NaN,NaN,4294967295
5,57,65535,65535,65535,true,NaN,NaN,NaN,4294967295
5,58,65535,65535,65535,true,NaN,NaN,NaN,4294967295
5,59,65535,65535,65535,true,NaN,NaN,NaN,4294967295
5,60,65535,65535,65535,true,NaN,NaN,NaN,4294967295
5,61,65535,65535,65535,true,NaN,NaN,NaN,4294967295
5,62,65535,65535,65535,true,NaN,NaN,NaN,4294967295
5,63,65535,65535,65535,true,NaN,NaN,NaN,4294967295
5,64,65535,65535,65535,true,NaN,NaN,NaN,4294967295
5,65,65535,65535,65535,true,NaN,NaN,NaN,4294967295
5,66,65535,65535,65535,true,NaN,NaN,NaN,4294967295
5,67,65535,65535,65535,true,NaN,NaN,NaN,4294967295
5,68,65535,65535,65535,true,NaN,NaN,NaN,4294967295
5,69,65535,65535,65535,true,NaN,NaN,NaN,4294967295
5,70,65535,65535,65535,true,NaN,NaN,NaN,4294967295
5,71,65535,65535,65535,true,NaN,NaN,NaN,4294967295
5,72,65535,65535,65535,true,NaN,NaN,NaN,4294967295
5,73,65535,65535,65535,true,NaN,NaN,NaN,4294967295
5,74,65535,65535,65535,true,NaN,NaN,NaN,4294967295
5,75,65535,65535,65535,true,NaN,NaN,NaN,4294967295
5,76,65535,65535,65535,true,NaN,NaN,NaN,4294967295
5,77,65535,65535,65535,true,NaN,NaN,NaN,4294967295
5,78,65535,65535,65535,true,NaN,NaN,NaN,4294967295
5,79,65535,65535,65535,true,NaN,NaN,NaN,4294967295
5,80,65535,65535,65535,true,NaN,NaN,NaN,4294967295
5,81,65535,65535,65535,true,NaN,NaN,NaN,4294967295
5,82,65535,65535,65535,true,NaN,NaN,NaN,4294967295
5,83,65535,65535,65535,true,NaN,NaN,NaN,4294967295
5,84,65535,65535,65535,true,NaN,NaN,NaN,4294967295
5,85,65535,65535,65535,true,NaN,NaN,NaN,4294967295
5,86,65535,65535,65535,true,NaN,NaN,NaN,4294967295
5,87,65535,65535,65535,true,NaN,NaN,NaN,4294967295
5,88,65535,65535,65535,true,NaN,NaN,NaN,4294967295
5,89,65535,65535,65535,true,NaN,NaN,NaN,4294967295
5,90,65535,65535,65535,true,NaN,NaN,NaN,4294967295
5,91,65535,65535,65535,true,NaN,NaN,NaN,4294967295
5,92,65535,65535,65535,true,NaN,NaN,NaN,4294967295
5,93,65535,65535,65535,true,NaN,NaN,NaN,4294967295
5,94,65535,65535,65535,true,NaN,NaN,NaN,4294967295
5,95,65535,65535,65535,true,NaN,NaN,NaN,4294967295
5,96,65535,65535,65535,true,NaN,NaN,NaN,4294967295
5,97,65535,65535,65535,true,NaN,NaN,NaN,4294967295
5,98,65535,65535,65535,true,NaN,NaN,NaN,4294967295
5,99,65535,65535,65535,true,NaN,NaN,NaN,4294967295
5,100,65535,65535,65535,true,NaN,NaN,NaN,4294967295
5,101,65535,65535,65535,true,NaN,NaN,NaN,4294967295
5,102,65535,65535,65535,true,NaN,NaN,NaN,4294967295
5,103,65535,65535,65535,true,NaN,NaN,NaN,4294967295
5,104,65535,65535,65535,true,NaN,NaN,NaN,4294967295
5,105,65535,65535,65535,true,NaN,NaN,NaN,4294967295
5,106,65535,65535,65535,true,NaN,NaN,NaN,4294967295
5,107,65535,65535,65535,true,NaN,NaN,NaN,4294967295
5,108,65535,65535,65535,true,NaN,NaN,NaN,4294967295
5,109,65535,65535,65535,true,NaN,NaN,NaN,4294967295
5,110,65535,65535,65535,true,NaN,NaN,NaN,4294967295
5,111,65535,65535,65535,true,NaN,NaN,NaN,4294967295
5,112,65535,65535,65535,true,NaN,NaN,NaN,4294967295
5,113,65535,65535,65535,true,NaN,NaN,NaN,4294967295
5,114,65535,65535,65535,true,NaN,NaN,NaN,4294967295
5,115,65535,65535,65535,true,NaN,NaN,NaN,4294967295
5,116,65535,65535,65535,true,NaN,NaN,NaN,4294967295
5,117,65535,65535,65535,true,NaN,NaN,NaN,4294967295
5,118,65535,65535,65535,true,NaN,NaN,NaN,4294967295
5,119,65535,65535,65535,true,NaN,NaN,NaN,4294967295
5,120,65535,65535,65535,true,NaN,NaN,NaN,4294967295
5,121,65535,65535,65535,true,NaN,NaN,NaN,4294967295
5,122,65535,65535,65535,true,NaN,NaN,NaN,4294967295
5,123,65535,65535,65535,true,NaN,NaN,NaN,4294967295
5,124,65535,65535,65535,true,NaN,NaN,NaN,4294967295
5,125,65535,65535,65535,true,NaN,NaN,NaN,4294967295
5,126,65535,65535,65535,true,NaN,NaN,NaN,4294967295
5,127,65535,65535,65535,true,NaN,NaN,NaN,4294967295
6,0,65535,65535,65535,true,NaN,NaN,NaN,4294967295
6,1,65535,65535,65535,true,NaN,NaN,NaN,4294967295
6,2,65535,65535,65535,true,NaN,NaN,NaN,4294967295
6,3,65535,65535,65535,true,NaN,NaN,NaN,4294967295
6,4,65535,65535,65535,true,NaN,NaN,NaN,4294967295
6,5,65535,65535,65535,true,NaN,NaN,NaN,4294967295
6,6,65535,65535,65535,true,NaN,NaN,NaN,4294967295
6,7,65535,65535,65535,true,NaN,NaN,NaN,4294967295
6,8,65535,65535,65535,true,NaN,NaN,NaN,4294967295
6,9,65535,65535,65535,true,NaN,NaN,NaN,4294967295
6,10,65535,65535,65535,true,NaN,NaN,NaN,4294967295
6,11,65535,65535,65535,true,NaN,NaN,NaN,4294967295
6,12,65535,65535,65535,true,NaN,NaN,NaN,4294967295
6,13,65535,65535,65535,true,NaN,NaN,NaN,4294967295
6,14,65535,65535,65535,true,NaN,NaN,NaN,4294967295
6,15,65535,65535,65535,true,NaN,NaN,NaN,4294967295
6,16,65535,65535,65535,true,NaN,NaN,NaN,4294967295
6,17,65535,65535,65535,true,NaN,NaN,NaN,4294967295
6,18,65535,65535,65535,true,NaN,NaN,NaN,4294967295
6,19,65535,65535,65535,true,NaN,NaN,NaN,4294967295
6,20,65535,65535,65535,true,NaN,NaN,NaN,4294967295
6,21,65535,65535,65535,true,NaN,NaN,NaN,4294967295
6,22,65535,65535,65535,true,NaN,NaN,NaN,4294967295
6,23,65535,65535,65535,true,NaN,NaN,NaN,4294967295
6,24,65535,65535,65535,true,NaN,NaN,NaN,4294967295
6,25,65535,65535,65535,true,NaN,NaN,NaN,4294967295
6,26,65535,65535,65535,true,NaN,NaN,NaN,4294967295
6,27,65535,65535,65535,true,NaN,NaN,NaN,4294967295
6,28,65535,65535,65535,true,NaN,NaN,NaN,4294967295
6,29,65535,65535,65535,true,NaN,NaN,NaN,4294967295
6,30,65535,65535,65535,true,NaN,NaN,NaN,4294967295
6,31,65535,65535,65535,true,NaN,NaN,NaN,4294967295
6,32,65535,65535,65535,true,NaN,NaN,NaN,4294967295
6,33,65535,65535,65535,true,NaN,NaN,NaN,4294967295
6,34,65535,65535,65535,true,NaN,NaN,NaN,4294967295
6,35,65535,65535,65535,true,NaN,NaN,NaN,4294967295
6,36,65535,65535,65535,true,NaN,NaN,NaN,4294967295
6,37,65535,65535,65535,true,NaN,NaN,NaN,4294967295
6,38,65535,65535,65535,true,NaN,NaN,NaN,4294967295
6,39,65535,65535,65535,true,NaN,NaN,NaN,4294967295
6,40,65535,65535,65535,true,NaN,NaN,NaN,4294967295
6,41,65535,65535,65535,true,NaN,NaN,NaN,4294967295
6,42,65535,65535,65535,true,NaN,NaN,NaN,4294967295
6,43,65535,65535,65535,true,NaN,NaN,NaN,4294967295
6,44,65535,65535,65535,true,NaN,NaN,NaN,4294967295
6,45,65535,65535,65535,true,NaN,NaN,NaN,4294967295
6,46,65535,65535,65535,true,NaN,NaN,NaN,4294967295
6,47,65535,65535,65535,true,NaN,NaN,NaN,4294967295
6,48,65535,65535,65535,true,NaN,NaN,NaN,4294967295
6,49,65535,65535,65535,true,NaN,NaN,NaN,4294967295
6,50,65535,65535,65535,true,NaN,NaN,NaN,4294967295
6,51,65535,65535,65535,true,NaN,NaN,NaN,4294967295
6,52,65535,65535,65535,true,NaN,NaN,NaN,4294967295
6,53,65535,65535,65535,true,NaN,NaN,NaN,4294967295
6,54,65535,65535,65535,true,NaN,NaN,NaN,4294967295
6,55,65535,65535,65535,true,NaN,NaN,NaN,4294967295
6,56,65535,65535,65535,true,NaN,NaN,NaN,4294967295
6,57,65535,65535,65535,true,NaN,NaN,NaN,4294967295
6,58,65535,65535,65535,true,NaN,NaN,NaN,4294967295
6,59,65535,65535,65535,true,NaN,NaN,NaN,4294967295
6,60,65535,65535,65535,true,NaN,NaN,NaN,4294967295
6,61,65535,65535,65535,true,NaN,NaN,NaN,4294967295
6,62,65535,65535,65535,true,NaN,NaN,NaN,4294967295
6,63,65535,65535,65535,true,NaN,NaN,NaN,4294967295
6,64,65535,65535,65535,true,NaN,NaN,NaN,4294967295
6,65,65535,65535,65535,true,NaN,NaN,NaN,4294967295
6,66,65535,65535,65535,true,NaN,NaN,NaN,4294967295
6,67,65535,65535,65535,true,NaN,NaN,NaN,4294967295
6,68,65535,65535,65535,true,NaN,NaN,NaN,4294967295
6,69,65535,65535,65535,true,NaN,NaN,NaN,4294967295
6,70,65535,65535,65535,true,NaN,NaN,NaN,4294967295
6,71,65535,65535,65535,true,NaN,NaN,NaN,4294967295
6,72,65535,65535,65535,true,NaN,NaN,NaN,4294967295
6,73,65535,65535,65535,true,NaN,NaN,NaN,4294967295
6,74,65535,65535,65535,true,NaN,NaN,NaN,4294967295
6,75,65535,65535,65535,true,NaN,NaN,NaN,4294967295
6,76,65535,65535,65535,true,NaN,NaN,NaN,4294967295
6,77,65535,65535,65535,true,NaN,NaN,NaN,4294967295
6,78,65535,65535,65535,true,NaN,NaN,NaN,4294967295
6,79,65535,65535,65535,true,NaN,NaN,NaN,4294967295
6,80,65535,65535,65535,true,NaN,NaN,NaN,4294967295
6,81,65535,65535,65535,true,NaN,NaN,NaN,4294967295
6,82,65535,65535,65535,true,NaN,NaN,NaN,4294967295
6,83,65535,65535,65535,true,NaN,NaN,NaN,4294967295
6,84,65535,65535,65535,true,NaN,NaN,NaN,4294967295
6,85,65535,65535,65535,true,NaN,NaN,NaN,4294967295
6,86,65535,65535,65535,true,NaN,NaN,NaN,4294967295
6,87,65535,65535,65535,true,NaN,NaN,NaN,4294967295
6,88,65535,65535,65535,true,NaN,NaN,NaN,4294967295
6,89,65535,65535,65535,true,NaN,NaN,NaN,4294967295
6,90,65535,65535,65535,true,NaN,NaN,NaN,4294967295
6,91,65535,65535,65535,true,NaN,NaN,NaN,4294967295
6,92,65535,65535,65535,true,NaN,NaN,NaN,4294967295
6,93,65535,65535,65535,true,NaN,NaN,NaN,4294967295
6,94,65535,65535,65535,true,NaN,NaN,NaN,4294967295
6,95,65535,65535,65535,true,NaN,NaN,NaN,4294967295
6,96,65535,65535,65535,true,NaN,NaN,NaN,4294967295
6,97,65535,65535,65535,true,NaN,NaN,NaN,4294967295
6,98,65535,65535,65535,true,NaN,NaN,NaN,4294967295
6,99,65535,65535,65535,true,NaN,NaN,NaN,4294967295
6,100,65535,65535,65535,true,NaN,NaN,NaN,4294967295
6,101,65535,65535,65535,true,NaN,NaN,NaN,4294967295
6,102,65535,65535,65535,true,NaN,NaN,NaN,4294967295
6,103,65535,65535,65535,true,NaN,NaN,NaN,4294967295
6,104,65535,65535,65535,true,NaN,NaN,NaN,4294967295
6,105,65535,65535,65535,true,NaN,NaN,NaN,4294967295
6,106,65535,65535,65535,true,NaN,NaN,NaN,4294967295
6,107,65535,65535,65535,true,NaN,NaN,NaN,4294967295
6,108,65535,65535,65535,true,NaN,NaN,NaN,4294967295
6,109,65535,65535,65535,true,NaN,NaN,NaN,4294967295
6,110,65535,65535,65535,true,NaN,NaN,NaN,4294967295
6,111,65535,65535,65535,true,NaN,NaN,NaN,4294967295
6,112,65535,65535,65535,true,NaN,NaN,NaN,4294967295
6,113,65535,65535,65535,true,NaN,NaN,NaN,4294967295
6,114,65535,65535,65535,true,NaN,NaN,NaN,4294967295
6,115,65535,65535,65535,true,NaN,NaN,NaN,4294967295
6,116,65535,65535,65535,true,NaN,NaN,NaN,4294967295
6,117,65535,65535,65535,true,NaN,NaN,NaN,4294967295
6,118,65535,65535,65535,true,NaN,NaN,NaN,4294967295
6,119,65535,65535,65535,true,NaN,NaN,NaN,4294967295
6,120,65535,65535,65535,true,NaN,NaN,NaN,4294967295
6,121,65535,65535,65535,true,NaN,NaN,NaN,4294967295
6,122,65535,65535,65535,true,NaN,NaN,NaN,4294967295
6,123,65535,65535,65535,true,NaN,NaN,NaN,4294967295
6,124,65535,65535,65535,true,NaN,NaN,NaN,4294967295
6,125,65535,65535,65535,true,NaN,NaN,NaN,4294967295
6,126,65535,65535,65535,true,NaN,NaN,NaN,4294967295
6,127,65535,65535,65535,true,NaN,NaN,NaN,4294967295
7,0,65535,65535,65535,true,NaN,NaN,NaN,4294967295
7,1,65535,65535,65535,true,NaN,NaN,NaN,4294967295
7,2,65535,65535,65535,true,NaN,NaN,NaN,4294967295
7,3,65535,65535,65535,true,NaN,NaN,NaN,4294967295
7,4,65535,65535,65535,true,NaN,NaN,NaN,4294967295
7,5,65535,65535,65535,true,NaN,NaN,NaN,4294967295
7,6,65535,65535,65535,true,NaN,NaN,NaN,4294967295
7,7,65535,65535,65535,true,NaN,NaN,NaN,4294967295
7,8,65535,65535,65535,true,NaN,NaN,NaN,4294967295
7,9,65535,65535,65535,true,NaN,NaN,NaN,4294967295
7,10,65535,65535,65535,true,NaN,NaN,NaN,4294967295
7,11,65535,65535,65535,true,NaN,NaN,NaN,4294967295
7,12,65535,65535,65535,true,NaN,NaN,NaN,4294967295
7,13,65535,65535,65535,true,NaN,NaN,NaN,4294967295
7,14,65535,65535,65535,true,NaN,NaN,NaN,4294967295
7,15,65535,65535,65535,true,NaN,NaN,NaN,4294967295
7,16,65535,65535,65535,true,NaN,NaN,NaN,4294967295
7,17,65535,65535,65535,true,NaN,NaN,NaN,4294967295
7,18,65535,65535,65535,true,NaN,NaN,NaN,4294967295
7,19,65535,65535,65535,true,NaN,NaN,NaN,4294967295
7,20,65535,65535,65535,true,NaN,NaN,NaN,4294967295
7,21,65535,65535,65535,true,NaN,NaN,NaN,4294967295
7,22,65535,65535,65535,true,NaN,NaN,NaN,4294967295
7,23,65535,65535,65535,true,NaN,NaN,NaN,4294967295
7,24,65535,65535,65535,true,NaN,NaN,NaN,4294967295
7,25,65535,65535,65535,true,NaN,NaN,NaN,4294967295
7,26,65535,65535,65535,true,NaN,NaN,NaN,4294967295
7,27,65535,65535,65535,true,NaN,NaN,NaN,4294967295
7,28,65535,65535,65535,true,NaN,NaN,NaN,4294967295
7,29,65535,65535,65535,true,NaN,NaN,NaN,4294967295
7,30,65535,65535,65535,true,NaN,NaN,NaN,4294967295
7,31,65535,65535,65535,true,NaN,NaN,NaN,4294967295
7,32,65535,65535,65535,true,NaN,NaN,NaN,4294967295
7,33,65535,65535,65535,true,NaN,NaN,NaN,4294967295
7,34,65535,65535,65535,true,NaN,NaN,NaN,4294967295
7,35,65535,65535,65535,true,NaN,NaN,NaN,4294967295
7,36,65535,65535,65535,true,NaN,NaN,NaN,4294967295
7,37,65535,65535,65535,true,NaN,NaN,NaN,4294967295
7,38,65535,65535,65535,true,NaN,NaN,NaN,4294967295
7,39,65535,65535,65535,true,NaN,NaN,NaN,4294967295
7,40,65535,65535,65535,true,NaN,NaN,NaN,4294967295
7,41,65535,65535,65535,true,NaN,NaN,NaN,4294967295
7,42,65535,65535,65535,true,NaN,NaN,NaN,4294967295
7,43,65535,65535,65535,true,NaN,NaN,NaN,4294967295
7,44,65535,65535,65535,true,NaN,NaN,NaN,4294967295
7,45,65535,65535,65535,true,NaN,NaN,NaN,4294967295
7,46,65535,65535,65535,true,NaN,NaN,NaN,4294967295
7,47,65535,65535,65535,true,NaN,NaN,NaN,4294967295
7,48,65535,65535,65535,true,NaN,NaN,NaN,4294967295
7,49,65535,65535,65535,true,NaN,NaN,NaN,4294967295
7,50,65535,65535,65535,true,NaN,NaN,NaN,4294967295
7,51,65535,65535,65535,true,NaN,NaN,NaN,4294967295
7,52,65535,65535,65535,true,NaN,NaN,NaN,4294967295
7,53,65535,65535,65535,true,NaN,NaN,NaN,4294967295
7,54,65535,65535,65535,true,NaN,NaN,NaN,4294967295
7,55,65535,65535,65535,true,NaN,NaN,NaN,4294967295
7,56,65535,65535,65535,true,NaN,NaN,NaN,4294967295
7,57,65535,65535,65535,true,NaN,NaN,NaN,4294967295
7,58,65535,65535,65535,true,NaN,NaN,NaN,4294967295
7,59,65535,65535,65535,true,NaN,NaN,NaN,4294967295
7,60,65535,65535,65535,true,NaN,NaN,NaN,4294967295
7,61,65535,65535,65535,true,NaN,NaN,NaN,4294967295
7,62,65535,65535,65535,true,NaN,NaN,NaN,4294967295
7,63,65535,65535,65535,true,NaN,NaN,NaN,4294967295
7,64,65535,65535,65535,true,NaN,NaN,NaN,4294967295
7,65,65535,65535,65535,true,NaN,NaN,NaN,4294967295
7,66,65535,65535,65535,true,NaN,NaN,NaN,4294967295
7,67,65535,65535,65535,true,NaN,NaN,NaN,4294967295
7,68,65535,65535,65535,true,NaN,NaN,NaN,4294967295
7,69,65535,65535,65535,true,NaN,NaN,NaN,4294967295
7,70,65535,65535,65535,true,NaN,NaN,NaN,4294967295
7,71,65535,65535,65535,true,NaN,NaN,NaN,4294967295
7,72,65535,65535,65535,true,NaN,NaN,NaN,4294967295
7,73,65535,65535,65535,true,NaN,NaN,NaN,4294967295
7,74,65535,65535,65535,true,NaN,NaN,NaN,4294967295
7,75,65535,65535,65535,true,NaN,NaN,NaN,4294967295
7,76,65535,65535,65535,true,NaN,NaN,NaN,4294967295
7,77,65535,65535,65535,true,NaN,NaN,NaN,4294967295
7,78,65535,65535,65535,true,NaN,NaN,NaN,4294967295
7,79,65535,65535,65535,true,NaN,NaN,NaN,4294967295
7,80,65535,65535,65535,true,NaN,NaN,NaN,4294967295
7,81,65535,65535,65535,true,NaN,NaN,NaN,4294967295
7,82,65535,65535,65535,true,NaN,NaN,NaN,4294967295
7,83,65535,65535,65535,true,NaN,NaN,NaN,4294967295
7,84,65535,65535,65535,true,NaN,NaN,NaN,4294967295
7,85,65535,65535,65535,true,NaN,NaN,NaN,4294967295
7,86,65535,65535,65535,true,NaN,NaN,NaN,4294967295
7,87,65535,65535,65535,true,NaN,NaN,NaN,4294967295
7,88,65535,65535,65535,true,NaN,NaN,NaN,4294967295
7,89,65535,65535,65535,true,NaN,NaN,NaN,4294967295
7,90,65535,65535,65535,true,NaN,NaN,NaN,4294967295
7,91,65535,65535,65535,true,NaN,NaN,NaN,4294967295
7,92,65535,65535,65535,true,NaN,NaN,NaN,4294967295
7,93,65535,65535,65535,true,NaN,NaN,NaN,4294967295
7,94,65535,65535,65535,true,NaN,NaN,NaN,4294967295
7,95,65535,65535,65535,true,NaN,NaN,NaN,4294967295
7,96,65535,65535,65535,true,NaN,NaN,NaN,4294967295
7,97,65535,65535,65535,true,NaN,NaN,NaN,4294967295
7,98,65535,65535,65535,true,NaN,NaN,NaN,4294967295
7,99,65535,65535,65535,true,NaN,NaN,NaN,4294967295
7,100,65535,65535,65535,true,NaN,NaN,NaN,4294967295
7,101,65535,65535,65535,true,NaN,NaN,NaN,4294967295
7,102,65535,65535,65535,true,NaN,NaN,NaN,4294967295
7,103,65535,65535,65535,true,NaN,NaN,NaN,4294967295
7,104,65535,65535,65535,true,NaN,NaN,NaN,4294967295
7,105,65535,65535,65535,true,NaN,NaN,NaN,4294967295
7,106,65535,65535,65535,true,NaN,NaN,NaN,4294967295
7,107,65535,65535,65535,true,NaN,NaN,NaN,4294967295
7,108,65535,65535,65535,true,NaN,NaN,NaN,4294967295
7,109,65535,65535,65535,true,NaN,NaN,NaN,4294967295
7,110,65535,65535,65535,true,NaN,NaN,NaN,4294967295
7,111,65535,65535,65535,true,NaN,NaN,NaN,4294967295
7,112,65535,65535,65535,true,NaN,NaN,NaN,4294967295
7,113,65535,65535,65535,true,NaN,NaN,NaN,4294967295
7,114,65535,65535,65535,true,NaN,NaN,NaN,4294967295
7,115,65535,65535,65535,true,NaN,NaN,NaN,4294967295
7,116,65535,65535,65535,true,NaN,NaN,NaN,4294967295
7,117,65535,65535,65535,true,NaN,NaN,NaN,4294967295
7,118,65535,65535,65535,true,NaN,NaN,NaN,4294967295
7,119,65535,65535,65535,true,NaN,NaN,NaN,4294967295
7,120,65535,65535,65535,true,NaN,NaN,NaN,4294967295
7,121,65535,65535,65535,true,NaN,NaN,NaN,4294967295
7,122,65535,65535,65535,true,NaN,NaN,NaN,4294967295
7,123,65535,65535,65535,true,NaN,NaN,NaN,4294967295
7,124,65535,65535,65535,true,NaN,NaN,NaN,4294967295
7,125,65535,65535,65535,true,NaN,NaN,NaN,4294967295
7,126,65535,65535,65535,true,NaN,NaN,NaN,4294967295
7,127,65535,65535,65535,true,NaN,NaN,NaN,4294967295
8,0,65535,65535,65535,true,NaN,NaN,NaN,4294967295
8,1,65535,65535,65535,true,NaN,NaN,NaN,4294967295
8,2,65535,65535,65535,true,NaN,NaN,NaN,4294967295
8,3,65535,65535,65535,true,NaN,NaN,NaN,4294967295
8,4,65535,65535,65535,true,NaN,NaN,NaN,4294967295
8,5,65535,65535,65535,true,NaN,NaN,NaN,4294967295
8,6,65535,65535,65535,true,NaN,NaN,NaN,4294967295
8,7,65535,65535,65535,true,NaN,NaN,NaN,4294967295
8,8,65535,65535,65535,true,NaN,NaN,NaN,4294967295
8,9,65535,65535,65535,true,NaN,NaN,NaN,4294967295
8,10,65535,65535,65535,true,NaN,NaN,NaN,4294967295
8,11,65535,65535,65535,true,NaN,NaN,NaN,4294967295
8,12,65535,65535,65535,true,NaN,NaN,NaN,4294967295
8,13,65535,65535,65535,true,NaN,NaN,NaN,4294967295
8,14,65535,65535,65535,true,NaN,NaN,NaN,4294967295
8,15,65535,65535,65535,true,NaN,NaN,NaN,4294967295
8,16,65535,65535,65535,true,NaN,NaN,NaN,4294967295
8,17,65535,65535,65535,true,NaN,NaN,NaN,4294967295
8,18,65535,65535,65535,true,NaN,NaN,NaN,4294967295
8,19,65535,65535,65535,true,NaN,NaN,NaN,4294967295
8,20,65535,65535,65535,true,NaN,NaN,NaN,4294967295
8,21,65535,65535,65535,true,NaN,NaN,NaN,4294967295
8,22,65535,65535,65535,true,NaN,NaN,NaN,4294967295
8,23,65535,65535,65535,true,NaN,NaN,NaN,4294967295
8,24,65535,65535,65535,true,NaN,NaN,NaN,4294967295
8,25,65535,65535,65535,true,NaN,NaN,NaN,4294967295
8,26,65535,65535,65535,true,NaN,NaN,NaN,4294967295
8,27,65535,65535,65535,true,NaN,NaN,NaN,4294967295
8,28,65535,65535,65535,true,NaN,NaN,NaN,4294967295
8,29,65535,65535,65535,true,NaN,NaN,NaN,4294967295
8,30,65535,65535,65535,true,NaN,NaN,NaN,4294967295
8,31,65535,65535,65535,true,NaN,NaN,NaN,4294967295
8,32,65535,65535,65535,true,NaN,NaN,NaN,4294967295
8,33,65535,65535,65535,true,NaN,NaN,NaN,4294967295
8,34,65535,65535,65535,true,NaN,NaN,NaN,4294967295
8,35,65535,65535,65535,true,NaN,NaN,NaN,4294967295
8,36,65535,65535,65535,true,NaN,NaN,NaN,4294967295
8,37,65535,65535,65535,true,NaN,NaN,NaN,4294967295
8,38,65535,65535,65535,true,NaN,NaN,NaN,4294967295
8,39,65535,65535,65535,true,NaN,NaN,NaN,4294967295
8,40,65535,65535,65535,true,NaN,NaN,NaN,4294967295
8,41,65535,65535,65535,true,NaN,NaN,NaN,4294967295
8,42,65535,65535,65535,true,NaN,NaN,NaN,4294967295
8,43,65535,65535,65535,true,NaN,NaN,NaN,4294967295
8,44,65535,65535,65535,true,NaN,NaN,NaN,4294967295
8,45,65535,65535,65535,true,NaN,NaN,NaN,4294967295
8,46,65535,65535,65535,true,NaN,NaN,NaN,4294967295
8,47,65535,65535,65535,true,NaN,NaN,NaN,4294967295
8,48,65535,65535,65535,true,NaN,NaN,NaN,4294967295
8,49,65535,65535,65535,true,NaN,NaN,NaN,4294967295
8,50,65535,65535,65535,true,NaN,NaN,NaN,4294967295
8,51,65535,65535,65535,true,NaN,NaN,NaN,4294967295
8,52,65535,65535,65535,true,NaN,NaN,NaN,4294967295
8,53,65535,65535,65535,true,NaN,NaN,NaN,4294967295
8,54,65535,65535,65535,true,NaN,NaN,NaN,4294967295
8,55,65535,65535,65535,true,NaN,NaN,NaN,4294967295
8,56,65535,65535,65535,true,NaN,NaN,NaN,4294967295
8,57,65535,65535,65535,true,NaN,NaN,NaN,4294967295
8,58,65535,65535,65535,true,NaN,NaN,NaN,4294967295
8,59,65535,65535,65535,true,NaN,NaN,NaN,4294967295
8,60,65535,65535,65535,true,NaN,NaN,NaN,4294967295
8,61,65535,65535,65535,true,NaN,NaN,NaN,4294967295
8,62,65535,65535,65535,true,NaN,NaN,NaN,4294967295
8,63,65535,65535,65535,true,NaN,NaN,NaN,4294967295
8,64,65535,65535,65535,true,NaN,NaN,NaN,4294967295
8,65,65535,65535,65535,true,NaN,NaN,NaN,4294967295
8,66,65535,65535,65535,true,NaN,NaN,NaN,4294967295
8,67,65535,65535,65535,true,NaN,NaN,NaN,4294967295
8,68,65535,65535,65535,true,NaN,NaN,NaN,4294967295
8,69,65535,65535,65535,true,NaN,NaN,NaN,4294967295
8,70,65535,65535,65535,true,NaN,NaN,NaN,4294967295
8,71,65535,65535,65535,true,NaN,NaN,NaN,4294967295
8,72,65535,65535,65535,true,NaN,NaN,NaN,4294967295
8,73,65535,65535,65535,true,NaN,NaN,NaN,4294967295
8,74,65535,65535,65535,true,NaN,NaN,NaN,4294967295
8,75,65535,65535,65535,true,NaN,NaN,NaN,4294967295
8,76,65535,65535,65535,true,NaN,NaN,NaN,4294967295
8,77,65535,65535,65535,true,NaN,NaN,NaN,4294967295
8,78,65535,65535,65535,true,NaN,NaN,NaN,4294967295
8,79,65535,65535,65535,true,NaN,NaN,NaN,4294967295
8,80,65535,65535,65535,true,NaN,NaN,NaN,4294967295
8,81,65535,65535,65535,true,NaN,NaN,NaN,4294967295
8,82,65535,65535,65535,true,NaN,NaN,NaN,4294967295
8,83,65535,65535,65535,true,NaN,NaN,NaN,4294967295
8,84,65535,65535,65535,true,NaN,NaN,NaN,4294967295
8,85,65535,65535,65535,true,NaN,NaN,NaN,4294967295
8,86,65535,65535,65535,true,NaN,NaN,NaN,4294967295
8,87,65535,65535,65535,true,NaN,NaN,NaN,4294967295
8,88,65535,65535,65535,true,NaN,NaN,NaN,4294967295
8,89,65535,65535,65535,true,NaN,NaN,NaN,4294967295
8,90,65535,65535,65535,true,NaN,NaN,NaN,4294967295
8,91,65535,65535,65535,true,NaN,NaN,NaN,4294967295
8,92,65535,65535,65535,true,NaN,NaN,NaN,4294967295
8,93,65535,65535,65535,true,NaN,NaN,NaN,4294967295
8,94,65535,65535,65535,true,NaN,NaN,NaN,4294967295
8,95,65535,65535,65535,true,NaN,NaN,NaN,4294967295
8,96,65535,65535,65535,true,NaN,NaN,NaN,4294967295
8,97,65535,65535,65535,true,NaN,NaN,NaN,4294967295
8,98,65535,65535,65535,true,NaN,NaN,NaN,4294967295
8,99,65535,65535,65535,true,NaN,NaN,NaN,4294967295
8,100,65535,65535,65535,true,NaN,NaN,NaN,4294967295
8,101,65535,65535,65535,true,NaN,NaN,NaN,4294967295
8,102,65535,65535,65535,true,NaN,NaN,NaN,4294967295
8,103,65535,65535,65535,true,NaN,NaN,NaN,4294967295
8,104,65535,65535,65535,true,NaN,NaN,NaN,4294967295
8,105,65535,65535,65535,true,NaN,NaN,NaN,4294967295
8,106,65535,65535,65535,true,NaN,NaN,NaN,4294967295
8,107,65535,65535,65535,true,NaN,NaN,NaN,4294967295
8,108,65535,65535,65535,true,NaN,NaN,NaN,4294967295
8,109,65535,65535,65535,true,NaN,NaN,NaN,4294967295
8,110,65535,65535,65535,true,NaN,NaN,NaN,4294967295
8,111,65535,65535,65535,true,NaN,NaN,NaN,4294967295
8,112,65535,65535,65535,true,NaN,NaN,NaN,4294967295
8,113,65535,65535,65535,true,NaN,NaN,NaN,4294967295
8,114,65535,65535,65535,true,NaN,NaN,NaN,4294967295
8,115,65535,65535,65535,true,NaN,NaN,NaN,4294967295
8,116,65535,65535,65535,true,NaN,NaN,NaN,4294967295
8,117,65535,65535,65535,true,NaN,NaN,NaN,4294967295
8,118,65535,65535,65535,true,NaN,NaN,NaN,4294967295
8,119,65535,65535,65535,true,NaN,NaN,NaN,4294967295
8,120,65535,65535,65535,true,NaN,NaN,NaN,4294967295
8,121,65535,65535,65535,true,NaN,NaN,NaN,4294967295
8,122,65535,65535,65535,true,NaN,NaN,NaN,4294967295
8,123,65535,65535,65535,true,NaN,NaN,NaN,4294967295
8,124,65535,65535,65535,true,NaN,NaN,NaN,4294967295
8,125,65535,65535,65535,true,NaN,NaN,NaN,4294967295
8,126,65535,65535,65535,true,NaN,NaN,NaN,4294967295
8,127,65535,65535,65535,true,NaN,NaN,NaN,4294967295
10,0,65535,65535,65535,true,NaN,NaN,NaN,4294967295
10,1,65535,65535,65535,true,NaN,NaN,NaN,4294967295
10,2,65535,65535,65535,true,NaN,NaN,NaN,4294967295
10,3,65535,65535,65535,true,NaN,NaN,NaN,4294967295
10,4,65535,65535,65535,true,NaN,NaN,NaN,4294967295
10,5,65535,65535,65535,true,NaN,NaN,NaN,4294967295
10,6,65535,65535,65535,true,NaN,NaN,NaN,4294967295
10,7,65535,65535,65535,true,NaN,NaN,NaN,4294967295
10,8,65535,65535,65535,true,NaN,NaN,NaN,4294967295
10,9,65535,65535,65535,true,NaN,NaN,NaN,4294967295
10,10,65535,65535,65535,true,NaN,NaN,NaN,4294967295
10,11,65535,65535,65535,true,NaN,NaN,NaN,4294967295
10,12,65535,65535,65535,true,NaN,NaN,NaN,4294967295
10,13,65535,65535,65535,true,NaN,NaN,NaN,4294967295
10,14,65535,65535,65535,true,NaN,NaN,NaN,4294967295
10,15,65535,65535,65535,true,NaN,NaN,NaN,4294967295
10,16,65535,65535,65535,true,NaN,NaN,NaN,4294967295
10,17,65535,65535,65535,true,NaN,NaN,NaN,4294967295
10,18,65535,65535,65535,true,NaN,NaN,NaN,4294967295
10,19,65535,65535,65535,true,NaN,NaN,NaN,4294967295
10,20,65535,65535,65535,true,NaN,NaN,NaN,4294967295
10,21,65535,65535,65535,true,NaN,NaN,NaN,4294967295
10,22,65535,65535,65535,true,NaN,NaN,NaN,4294967295
10,23,65535,65535,65535,true,NaN,NaN,NaN,4294967295
10,24,65535,65535,65535,true,NaN,NaN,NaN,4294967295
10,25,65535,65535,65535,true,NaN,NaN,NaN,4294967295
10,26,65535,65535,65535,true,NaN,NaN,NaN,4294967295
10,27,65535,65535,65535,true,NaN,NaN,NaN,4294967295
10,28,65535,65535,65535,true,NaN,NaN,NaN,4294967295
10,29,65535,65535,65535,true,NaN,NaN,NaN,4294967295
10,30,65535,65535,65535,true,NaN,NaN,NaN,4294967295
10,31,65535,65535,65535,true,NaN,NaN,NaN,4294967295
10,32,65535,65535,65535,true,NaN,NaN,NaN,4294967295
10,33,65535,65535,65535,true,NaN,NaN,NaN,4294967295
10,34,65535,65535,65535,true,NaN,NaN,NaN,4294967295
10,35,65535,65535,65535,true,NaN,NaN,NaN,4294967295
10,36,65535,65535,65535,true,NaN,NaN,NaN,4294967295
10,37,65535,65535,65535,true,NaN,NaN,NaN,4294967295
10,38,65535,65535,65535,true,NaN,NaN,NaN,4294967295
10,39,65535,65535,65535,true,NaN,NaN,NaN,4294967295
10,40,65535,65535,65535,true,NaN,NaN,NaN,4294967295
10,41,65535,65535,65535,true,NaN,NaN,NaN,4294967295
10,42,65535,65535,65535,true,NaN,NaN,NaN,4294967295
10,43,65535,65535,65535,true,NaN,NaN,NaN,4294967295
10,44,65535,65535,65535,true,NaN,NaN,NaN,4294967295
10,45,65535,65535,65535,true,NaN,NaN,NaN,4294967295
10,46,65535,65535,65535,true,NaN,NaN,NaN,4294967295
10,47,65535,65535,65535,true,NaN,NaN,NaN,4294967295
10,48,65535,65535,65535,true,NaN,NaN,NaN,4294967295
10,49,65535,65535,65535,true,NaN,NaN,NaN,4294967295
10,50,65535,65535,65535,true,NaN,NaN,NaN,4294967295
10,51,65535,65535,65535,true,NaN,NaN,NaN,4294967295
10,52,65535,65535,65535,true,NaN,NaN,NaN,4294967295
10,53,65535,65535,65535,true,NaN,NaN,NaN,4294967295
10,54,65535,65535,65535,true,NaN,NaN,NaN,4294967295
10,55,65535,65535,65535,true,NaN,NaN,NaN,4294967295
10,56,65535,65535,65535,true,NaN,NaN,NaN,4294967295
10,57,65535,65535,65535,true,NaN,NaN,NaN,4294967295
10,58,65535,65535,65535,true,NaN,NaN,NaN,4294967295
10,59,65535,65535,65535,true,NaN,NaN,NaN,4294967295
10,60,65535,65535,65535,true,NaN,NaN,NaN,4294967295
10,61,65535,65535,65535,true,NaN,NaN,NaN,4294967295
10,62,65535,65535,65535,true,NaN,NaN,NaN,4294967295
10,63,65535,65535,65535,true,NaN,NaN,NaN,4294967295
10,64,65535,65535,65535,true,NaN,NaN,NaN,4294967295
10,65,65535,65535,65535,true,NaN,NaN,NaN,4294967295
10,66,65535,65535,65535,true,NaN,NaN,NaN,4294967295
10,67,65535,65535,65535,true,NaN,NaN,NaN,4294967295
10,68,65535,65535,65535,true,NaN,NaN,NaN,4294967295
10,69,65535,65535,65535,true,NaN,NaN,NaN,4294967295
10,70,65535,65535,65535,true,NaN,NaN,NaN,4294967295
10,71,65535,65535,65535,true,NaN,NaN,NaN,4294967295
10,72,65535,65535,65535,true,NaN,NaN,NaN,4294967295
10,73,65535,65535,65535,true,NaN,NaN,NaN,4294967295
10,74,65535,65535,65535,true,NaN,NaN,NaN,4294967295
10,75,65535,65535,65535,true,NaN,NaN,NaN,4294967295
10,76,65535,65535,65535,true,NaN,NaN,NaN,4294967295
10,77,65535,65535,65535,true,NaN,NaN,NaN,4294967295
10,78,65535,65535,65535,true,NaN,NaN,NaN,4294967295
10,79,65535,65535,65535,true,NaN,NaN,NaN,4294967295
10,80,65535,65535,65535,true,NaN,NaN,NaN,4294967295
10,81,65535,65535,65535,true,NaN,NaN,NaN,4294967295
10,82,65535,65535,65535,true,NaN,NaN,NaN,4294967295
10,83,65535,65535,65535,true,NaN,NaN,NaN,4294967295
10,84,65535,65535,65535,true,NaN,NaN,NaN,4294967295
10,85,65535,65535,65535,true,NaN,NaN,NaN,4294967295
10,86,65535,65535,65535,true,NaN,NaN,NaN,4294967295
10,87,65535,65535,65535,true,NaN,NaN,NaN,4294967295
10,88,65535,65535,65535,true,NaN,NaN,NaN,4294967295
10,89,65535,65535,65535,true,NaN,NaN,NaN,4294967295
10,90,65535,65535,65535,true,NaN,NaN,NaN,4294967295
10,91,65535,65535,65535,true,NaN,NaN,NaN,4294967295
10,92,65535,65535,65535,true,NaN,NaN,NaN,4294967295
10,93,65535,65535,65535,true,NaN,NaN,NaN,4294967295
10,94,65535,65535,65535,true,NaN,NaN,NaN,4294967295
10,95,65535,65535,65535,true,NaN,NaN,NaN,4294967295
10,96,65535,65535,65535,true,NaN,NaN,NaN,4294967295
10,97,65535,65535,65535,true,NaN,NaN,NaN,4294967295
10,98,65535,65535,65535,true,NaN,NaN,NaN,4294967295
10,99,65535,65535,65535,true,NaN,NaN,NaN,4294967295
10,100,65535,65535,65535,true,NaN,NaN,NaN,4294967295
10,101,65535,65535,65535,true,NaN,NaN,NaN,4294967295
10,102,65535,65535,65535,true,NaN,NaN,NaN,4294967295
10,103,65535,65535,65535,true,NaN,NaN,NaN,4294967295
10,104,65535,65535,65535,true,NaN,NaN,NaN,4294967295
10,105,65535,65535,65535,true,NaN,NaN,NaN,4294967295
10,106,65535,65535,65535,true,NaN,NaN,NaN,4294967295
10,107,65535,65535,65535,true,NaN,NaN,NaN,4294967295
10,108,65535,65535,65535,true,NaN,NaN,NaN,4294967295
10,109,65535,65535,65535,true,NaN,NaN,NaN,4294967295
10,110,65535,65535,65535,true,NaN,NaN,NaN,4294967295
10,111,65535,65535,65535,true,NaN,NaN,NaN,4294967295
10,112,65535,65535,65535,true,NaN,NaN,NaN,4294967295
10,113,65535,65535,65535,true,NaN,NaN,NaN,4294967295
10,114,65535,65535,65535,true,NaN,NaN,NaN,4294967295
10,115,65535,65535,65535,true,NaN,NaN,NaN,4294967295
10,116,65535,65535,65535,true,NaN,NaN,NaN,4294967295
10,117,65535,65535,65535,true,NaN,NaN,NaN,4294967295
10,118,65535,65535,65535,true,NaN,NaN,NaN,4294967295
10,119,65535,65535,65535,true,NaN,NaN,NaN,4294967295
10,120,65535,65535,65535,true,NaN,NaN,NaN,4294967295
10,121,65535,65535,65535,true,NaN,NaN,NaN,4294967295
10,122,65535,65535,65535,true,NaN,NaN,NaN,4294967295
10,123,65535,65535,65535,true,NaN,NaN,NaN,4294967295
10,124,65535,65535,65535,true,NaN,NaN,NaN,4294967295
10,125,65535,65535,65535,true,NaN,NaN,NaN,4294967295
10,126,65535,65535,65535,true,NaN,NaN,NaN,4294967295
10,127,65535,65535,65535,true,NaN,NaN,NaN,4294967295
11,0,65535,65535,65535,true,NaN,NaN,NaN,4294967295
11,1,65535,65535,65535,true,NaN,NaN,NaN,4294967295
11,2,65535,65535,65535,true,NaN,NaN,NaN,4294967295
11,3,65535,65535,65535,true,NaN,NaN,NaN,4294967295
11,4,65535,65535,65535,true,NaN,NaN,NaN,4294967295
11,5,65535,65535,65535,true,NaN,NaN,NaN,4294967295
11,6,65535,65535,65535,true,NaN,NaN,NaN,4294967295
11,7,65535,65535,65535,true,NaN,NaN,NaN,4294967295
11,8,65535,65535,65535,true,NaN,NaN,NaN,4294967295
11,9,65535,65535,65535,true,NaN,NaN,NaN,4294967295
11,10,65535,65535,65535,true,NaN,NaN,NaN,4294967295
11,11,65535,65535,65535,true,NaN,NaN,NaN,4294967295
11,12,65535,65535,65535,true,NaN,NaN,NaN,4294967295
11,13,65535,65535,65535,true,NaN,NaN,NaN,4294967295
11,14,65535,65535,65535,true,NaN,NaN,NaN,4294967295
11,15,65535,65535,65535,true,NaN,NaN,NaN,4294967295
11,16,65535,65535,65535,true,NaN,NaN,NaN,4294967295
11,17,65535,65535,65535,true,NaN,NaN,NaN,4294967295
11,18,65535,65535,65535,true,NaN,NaN,NaN,4294967295
11,19,65535,65535,65535,true,NaN,NaN,NaN,4294967295
11,20,65535,65535,65535,true,NaN,NaN,NaN,4294967295
11,21,65535,65535,65535,true,NaN,NaN,NaN,4294967295
11,22,65535,65535,65535,true,NaN,NaN,NaN,4294967295
11,23,65535,65535,65535,true,NaN,NaN,NaN,4294967295
11,24,65535,65535,65535,true,NaN,NaN,NaN,4294967295
11,25,65535,65535,65535,true,NaN,NaN,NaN,4294967295
11,26,65535,65535,65535,true,NaN,NaN,NaN,4294967295
11,27,65535,65535,65535,true,NaN,NaN,NaN,4294967295
11,28,65535,65535,65535,true,NaN,NaN,NaN,4294967295
11,29,65535,65535,65535,true,NaN,NaN,NaN,4294967295
11,30,65535,65535,65535,true,NaN,NaN,NaN,4294967295
11,31,65535,65535,65535,true,NaN,NaN,NaN,4294967295
11,32,65535,65535,65535,true,NaN,NaN,NaN,4294967295
11,33,65535,65535,65535,true,NaN,NaN,NaN,4294967295
11,34,65535,65535,65535,true,NaN,NaN,NaN,4294967295
11,35,65535,65535,65535,true,NaN,NaN,NaN,4294967295
11,36,65535,65535,65535,true,NaN,NaN,NaN,4294967295
11,37,65535,65535,65535,true,NaN,NaN,NaN,4294967295
11,38,65535,65535,65535,true,NaN,NaN,NaN,4294967295
11,39,65535,65535,65535,true,NaN,NaN,NaN,4294967295
11,40,65535,65535,65535,true,NaN,NaN,NaN,4294967295
11,41,65535,65535,65535,true,NaN,NaN,NaN,4294967295
11,42,65535,65535,65535,true,NaN,NaN,NaN,4294967295
11,43,65535,65535,65535,true,NaN,NaN,NaN,4294967295
11,44,65535,65535,65535,true,NaN,NaN,NaN,4294967295
11,45,65535,65535,65535,true,NaN,NaN,NaN,4294967295
11,46,65535,65535,65535,true,NaN,NaN,NaN,4294967295
11,47,65535,65535,65535,true,NaN,NaN,NaN,4294967295
11,48,65535,65535,65535,true,NaN,NaN,NaN,4294967295
11,49,65535,65535,65535,true,NaN,NaN,NaN,4294967295
11,50,65535,65535,65535,true,NaN,NaN,NaN,4294967295
11,51,65535,65535,65535,true,NaN,NaN,NaN,4294967295
11,52,65535,65535,65535,true,NaN,NaN,NaN,4294967295
11,53,65535,65535,65535,true,NaN,NaN,NaN,4294967295
11,54,65535,65535,65535,true,NaN,NaN,NaN,4294967295
11,55,65535,65535,65535,true,NaN,NaN,NaN,4294967295
11,56,65535,65535,65535,true,NaN,NaN,NaN,4294967295
11,57,65535,65535,65535,true,NaN,NaN,NaN,4294967295
11,58,65535,65535,65535,true,NaN,NaN,NaN,4294967295
11,59,65535,65535,65535,true,NaN,NaN,NaN,4294967295
11,60,65535,65535,65535,true,NaN,NaN,NaN,4294967295
11,61,65535,65535,65535,true,NaN,NaN,NaN,4294967295
11,62,65535,65535,65535,true,NaN,NaN,NaN,4294967295
11,63,65535,65535,65535,true,NaN,NaN,NaN,4294967295
11,64,65535,65535,65535,true,NaN,NaN,NaN,4294967295
11,65,65535,65535,65535,true,NaN,NaN,NaN,4294967295
11,66,65535,65535,65535,true,NaN,NaN,NaN,4294967295
11,67,65535,65535,65535,true,NaN,NaN,NaN,4294967295
11,68,65535,65535,65535,true,NaN,NaN,NaN,4294967295
11,69,65535,65535,65535,true,NaN,NaN,NaN,4294967295
11,70,65535,65535,65535,true,NaN,NaN,NaN,4294967295
11,71,65535,65535,65535,true,NaN,NaN,NaN,4294967295
11,72,65535,65535,65535,true,NaN,NaN,NaN,4294967295
11,73,65535,65535,65535,true,NaN,NaN,NaN,4294967295
11,74,65535,65535,65535,true,NaN,NaN,NaN,4294967295
11,75,65535,65535,65535,true,NaN,NaN,NaN,4294967295
11,76,65535,65535,65535,true,NaN,NaN,NaN,4294967295
11,77,65535,65535,65535,true,NaN,NaN,NaN,4294967295
11,78,65535,65535,65535,true,NaN,NaN,NaN,4294967295
11,79,65535,65535,65535,true,NaN,NaN,NaN,4294967295
11,80,65535,65535,65535,true,NaN,NaN,NaN,4294967295
11,81,65535,65535,65535,true,NaN,NaN,NaN,4294967295
11,82,65535,65535,65535,true,NaN,NaN,NaN,4294967295
11,83,65535,65535,65535,true,NaN,NaN,NaN,4294967295
11,84,65535,65535,65535,true,NaN,NaN,NaN,4294967295
11,85,65535,65535,65535,true,NaN,NaN,NaN,4294967295
11,86,65535,65535,65535,true,NaN,NaN,NaN,4294967295
11,87,65535,65535,65535,true,NaN,NaN,NaN,4294967295
11,88,65535,65535,65535,true,NaN,NaN,NaN,4294967295
11,89,65535,65535,65535,true,NaN,NaN,NaN,4294967295
11,90,65535,65535,65535,true,NaN,NaN,NaN,4294967295
11,91,65535,65535,65535,true,NaN,NaN,NaN,4294967295
11,92,65535,65535,65535,true,NaN,NaN,NaN,4294967295
11,93,65535,65535,65535,true,NaN,NaN,NaN,4294967295
11,94,65535,65535,65535,true,NaN,NaN,NaN,4294967295
11,95,65535,65535,65535,true,NaN,NaN,NaN,4294967295
11,96,65535,65535,65535,true,NaN,NaN,NaN,4294967295
11,97,65535,65535,65535,true,NaN,NaN,NaN,4294967295
11,98,65535,65535,65535,true,NaN,NaN,NaN,4294967295
11,99,65535,65535,65535,true,NaN,NaN,NaN,4294967295
11,100,65535,65535,65535,true,NaN,NaN,NaN,4294967295
11,101,65535,65535,65535,true,NaN,NaN,NaN,4294967295
11,102,65535,65535,65535,true,NaN,NaN,NaN,4294967295
11,103,65535,65535,65535,true,NaN,NaN,NaN,4294967295
11,104,65535,65535,65535,true,NaN,NaN,NaN,4294967295
11,105,65535,65535,65535,true,NaN,NaN,NaN,4294967295
11,106,65535,65535,65535,true,NaN,NaN,NaN,4294967295
11,107,65535,65535,65535,true,NaN,NaN,NaN,4294967295
11,108,65535,65535,65535,true,NaN,NaN,NaN,4294967295
11,109,65535,65535,65535,true,NaN,NaN,NaN,4294967295
11,110,65535,65535,65535,true,NaN,NaN,NaN,4294967295
11,111,65535,65535,65535,true,NaN,NaN,NaN,4294967295
11,112,65535,65535,65535,true,NaN,NaN,NaN,4294967295
11,113,65535,65535,65535,true,NaN,NaN,NaN,4294967295
11,114,65535,65535,65535,true,NaN,NaN,NaN,4294967295
11,115,65535,65535,65535,true,NaN,NaN,NaN,4294967295
11,116,65535,65535,65535,true,NaN,NaN,NaN,4294967295
11,117,65535,65535,65535,true,NaN,NaN,NaN,4294967295
11,118,65535,65535,65535,true,NaN,NaN,NaN,4294967295
11,119,65535,65535,65535,true,NaN,NaN,NaN,4294967295
11,120,65535,65535,65535,true,NaN,NaN,NaN,4294967295
11,121,65535,65535,65535,true,NaN,NaN,NaN,4294967295
11,122,65535,65535,65535,true,NaN,NaN,NaN,4294967295
11,123,65535,65535,65535,true,NaN,NaN,NaN,4294967295
11,124,65535,65535,65535,true,NaN,NaN,NaN,4294967295
11,125,65535,65535,65535,true,NaN,NaN,NaN,4294967295
11,126,65535,65535,65535,true,NaN,NaN,NaN,4294967295
11,127,65535,65535,65535,true,NaN,NaN,NaN,4294967295
12,0,65535,65535,65535,true,NaN,NaN,NaN,4294967295
12,1,65535,65535,65535,true,NaN,NaN,NaN,4294967295
12,2,65535,65535,65535,true,NaN,NaN,NaN,4294967295
12,3,65535,65535,65535,true,NaN,NaN,NaN,4294967295
12,4,65535,65535,65535,true,NaN,NaN,NaN,4294967295
12,5,65535,65535,65535,true,NaN,NaN,NaN,4294967295
12,6,65535,65535,65535,true,NaN,NaN,NaN,4294967295
12,7,65535,65535,65535,true,NaN,NaN,NaN,4294967295
12,8,65535,65535,65535,true,NaN,NaN,NaN,4294967295
12,9,65535,65535,65535,true,NaN,NaN,NaN,4294967295
12,10,65535,65535,65535,true,NaN,NaN,NaN,4294967295
12,11,65535,65535,65535,true,NaN,NaN,NaN,4294967295
12,12,65535,65535,65535,true,NaN,NaN,NaN,4294967295
12,13,65535,65535,65535,true,NaN,NaN,NaN,4294967295
12,14,65535,65535,65535,true,NaN,NaN,NaN,4294967295
12,15,65535,65535,65535,true,NaN,NaN,NaN,4294967295
12,16,65535,65535,65535,true,NaN,NaN,NaN,4294967295
12,17,65535,65535,65535,true,NaN,NaN,NaN,4294967295
12,18,65535,65535,65535,true,NaN,NaN,NaN,4294967295
12,19,65535,65535,65535,true,NaN,NaN,NaN,4294967295
12,20,65535,65535,65535,true,NaN,NaN,NaN,4294967295
12,21,65535,65535,65535,true,NaN,NaN,NaN,4294967295
12,22,65535,65535,65535,true,NaN,NaN,NaN,4294967295
12,23,65535,65535,65535,true,NaN,NaN,NaN,4294967295
12,24,65535,65535,65535,true,NaN,NaN,NaN,4294967295
12,25,65535,65535,65535,true,NaN,NaN,NaN,4294967295
12,26,65535,65535,65535,true,NaN,NaN,NaN,4294967295
12,27,65535,65535,65535,true,NaN,NaN,NaN,4294967295
12,28,65535,65535,65535,true,NaN,NaN,NaN,4294967295
12,29,65535,65535,65535,true,NaN,NaN,NaN,4294967295
12,30,65535,65535,65535,true,NaN,NaN,NaN,4294967295
12,31,65535,65535,65535,true,NaN,NaN,NaN,4294967295
12,32,65535,65535,65535,true,NaN,NaN,NaN,4294967295
12,33,65535,65535,65535,true,NaN,NaN,NaN,4294967295
12,34,65535,65535,65535,true,NaN,NaN,NaN,4294967295
12,35,65535,65535,65535,true,NaN,NaN,NaN,4294967295
12,36,65535,65535,65535,true,NaN,NaN,NaN,4294967295
12,37,65535,65535,65535,true,NaN,NaN,NaN,4294967295
12,38,65535,65535,65535,true,NaN,NaN,NaN,4294967295
12,39,65535,65535,65535,true,NaN,NaN,NaN,4294967295
12,40,65535,65535,65535,true,NaN,NaN,NaN,4294967295
12,41,65535,65535,65535,true,NaN,NaN,NaN,4294967295
12,42,65535,65535,65535,true,NaN,NaN,NaN,4294967295
12,43,65535,65535,65535,true,NaN,NaN,NaN,4294967295
12,44,65535,65535,65535,true,NaN,NaN,NaN,4294967295
12,45,65535,65535,65535,true,NaN,NaN,NaN,4294967295
12,46,65535,65535,65535,true,NaN,NaN,NaN,4294967295
12,47,65535,65535,65535,true,NaN,NaN,NaN,4294967295
12,48,65535,65535,65535,true,NaN,NaN,NaN,4294967295
12,49,65535,65535,65535,true,NaN,NaN,NaN,4294967295
12,50,65535,65535,65535,true,NaN,NaN,NaN,4294967295
12,51,65535,65535,65535,true,NaN,NaN,NaN,4294967295
12,52,65535,65535,65535,true,NaN,NaN,NaN,4294967295
12,53,65535,65535,65535,true,NaN,NaN,NaN,4294967295
12,54,65535,65535,65535,true,NaN,NaN,NaN,4294967295
12,55,65535,65535,65535,true,NaN,NaN,NaN,4294967295
12,56,65535,65535,65535,true,NaN,NaN,NaN,4294967295
12,57,65535,65535,65535,true,NaN,NaN,NaN,4294967295
12,58,65535,65535,65535,true,NaN,NaN,NaN,4294967295
12,59,65535,65535,65535,true,NaN,NaN,NaN,4294967295
12,60,65535,65535,65535,true,NaN,NaN,NaN,4294967295
12,61,65535,65535,65535,true,NaN,NaN,NaN,4294967295
12,62,65535,65535,65535,true,NaN,NaN,NaN,4294967295
12,63,65535,65535,65535,true,NaN,NaN,NaN,4294967295
12,64,65535,65535,65535,true,NaN,NaN,NaN,4294967295
12,65,65535,65535,65535,true,NaN,NaN,NaN,4294967295
12,66,65535,65535,65535,true,NaN,NaN,NaN,4294967295
12,67,65535,65535,65535,true,NaN,NaN,NaN,4294967295
12,68,65535,65535,65535,true,NaN,NaN,NaN,4294967295
12,69,65535,65535,65535,true,NaN,NaN,NaN,4294967295
12,70,65535,65535,65535,true,NaN,NaN,NaN,4294967295
12,71,65535,65535,65535,true,NaN,NaN,NaN,4294967295
12,72,65535,65535,65535,true,NaN,NaN,NaN,4294967295
12,73,65535,65535,65535,true,NaN,NaN,NaN,4294967295
12,74,65535,65535,65535,true,NaN,NaN,NaN,4294967295
12,75,65535,65535,65535,true,NaN,NaN,NaN,4294967295
12,76,65535,65535,65535,true,NaN,NaN,NaN,4294967295
12,77,65535,65535,65535,true,NaN,NaN,NaN,4294967295
12,78,65535,65535,65535,true,NaN,NaN,NaN,4294967295
12,79,65535,65535,65535,true,NaN,NaN,NaN,4294967295
12,80,65535,65535,65535,true,NaN,NaN,NaN,4294967295
12,81,65535,65535,65535,true,NaN,NaN,NaN,4294967295
12,82,65535,65535,65535,true,NaN,NaN,NaN,4294967295
12,83,65535,65535,65535,true,NaN,NaN,NaN,4294967295
12,84,65535,65535,65535,true,NaN,NaN,NaN,4294967295
12,85,65535,65535,65535,true,NaN,NaN,NaN,4294967295
12,86,65535,65535,65535,true,NaN,NaN,NaN,4294967295
12,87,65535,65535,65535,true,NaN,NaN,NaN,4294967295
12,88,65535,65535,65535,true,NaN,NaN,NaN,4294967295
12,89,65535,65535,65535,true,NaN,NaN,NaN,4294967295
12,90,65535,65535,65535,true,NaN,NaN,NaN,4294967295
12,91,65535,65535,65535,true,NaN,NaN,NaN,4294967295
12,92,65535,65535,65535,true,NaN,NaN,NaN,4294967295
12,93,65535,65535,65535,true,NaN,NaN,NaN,4294967295
12,94,65535,65535,65535,true,NaN,NaN,NaN,4294967295
12,95,65535,65535,65535,true,NaN,NaN,NaN,4294967295
12,96,65535,65535,65535,true,NaN,NaN,NaN,4294967295
12,97,65535,65535,65535,true,NaN,NaN,NaN,4294967295
12,98,65535,65535,65535,true,NaN,NaN,NaN,4294967295
12,99,65535,65535,65535,true,NaN,NaN,NaN,4294967295
12,100,65535,65535,65535,true,NaN,NaN,NaN,4294967295
12,101,65535,65535,65535,true,NaN,NaN,NaN,4294967295
12,102,65535,65535,65535,true,NaN,NaN,NaN,4294967295
12,103,65535,65535,65535,true,NaN,NaN,NaN,4294967295
12,104,65535,65535,65535,true,NaN,NaN,NaN,4294967295
12,105,65535,65535,65535,true,NaN,NaN,NaN,4294967295
12,106,65535,65535,65535,true,NaN,NaN,NaN,4294967295
12,107,65535,65535,65535,true,NaN,NaN,NaN,4294967295
12,108,65535,65535,65535,true,NaN,NaN,NaN,4294967295
12,109,65535,65535,65535,true,NaN,NaN,NaN,4294967295
12,110,65535,65535,65535,true,NaN,NaN,NaN,4294967295
12,111,65535,65535,65535,true,NaN,NaN,NaN,4294967295
12,112,65535,65535,65535,true,NaN,NaN,NaN,4294967295
12,113,65535,65535,65535,true,NaN,NaN,NaN,4294967295
12,114,65535,65535,65535,true,NaN,NaN,NaN,4294967295
12,115,65535,65535,65535,true,NaN,NaN,NaN,4294967295
12,116,65535,65535,65535,true,NaN,NaN,NaN,4294967295
12,117,65535,65535,65535,true,NaN,NaN,NaN,4294967295
12,118,65535,65535,65535,true,NaN,NaN,NaN,4294967295
12,119,65535,65535,65535,true,NaN,NaN,NaN,4294967295
12,120,65535,65535,65535,true,NaN,NaN,NaN,4294967295
12,121,65535,65535,65535,true,NaN,NaN,NaN,4294967295
12,122,65535,65535,65535,true,NaN,NaN,NaN,4294967295
12,123,65535,65535,65535,true,NaN,NaN,NaN,4294967295
12,124,65535,65535,65535,true,NaN,NaN,NaN,4294967295
12,125,65535,65535,65535,true,NaN,NaN,NaN,4294967295
12,126,65535,65535,65535,true,NaN,NaN,NaN,4294967295
12,127,65535,65535,65535,true,NaN,NaN,NaN,4294967295
13,0,65535,65535,65535,true,NaN,NaN,NaN,4294967295
13,1,65535,65535,65535,true,NaN,NaN,NaN,4294967295
13,2,65535,65535,65535,true,NaN,NaN,NaN,4294967295
13,3,65535,65535,65535,true,NaN,NaN,NaN,4294967295
13,4,65535,65535,65535,true,NaN,NaN,NaN,4294967295
13,5,65535,65535,65535,true,NaN,NaN,NaN,4294967295
13,6,65535,65535,65535,true,NaN,NaN,NaN,4294967295
13,7,65535,65535,65535,true,NaN,NaN,NaN,4294967295
13,8,65535,65535,65535,true,NaN,NaN,NaN,4294967295
13,9,65535,65535,65535,true,NaN,NaN,NaN,4294967295
13,10,65535,65535,65535,true,NaN,NaN,NaN,4294967295
13,11,65535,65535,65535,true,NaN,NaN,NaN,4294967295
13,12,65535,65535,65535,true,NaN,NaN,NaN,4294967295
13,13,65535,65535,65535,true,NaN,NaN,NaN,4294967295
13,14,65535,65535,65535,true,NaN,NaN,NaN,4294967295
13,15,65535,65535,65535,true,NaN,NaN,NaN,4294967295
13,16,65535,65535,65535,true,NaN,NaN,NaN,4294967295
13,17,65535,65535,65535,true,NaN,NaN,NaN,4294967295
13,18,65535,65535,65535,true,NaN,NaN,NaN,4294967295
13,19,65535,65535,65535,true,NaN,NaN,NaN,4294967295
13,20,65535,65535,65535,true,NaN,NaN,NaN,4294967295
13,21,65535,65535,65535,true,NaN,NaN,NaN,4294967295
13,22,65535,65535,65535,true,NaN,NaN,NaN,4294967295
13,23,65535,65535,65535,true,NaN,NaN,NaN,4294967295
13,24,65535,65535,65535,true,NaN,NaN,NaN,4294967295
13,25,65535,65535,65535,true,NaN,NaN,NaN,4294967295
13,26,65535,65535,65535,true,NaN,NaN,NaN,4294967295
13,27,65535,65535,65535,true,NaN,NaN,NaN,4294967295
13,28,65535,65535,65535,true,NaN,NaN,NaN,4294967295
13,29,65535,65535,65535,true,NaN,NaN,NaN,4294967295
13,30,65535,65535,65535,true,NaN,NaN,NaN,4294967295
13,31,65535,65535,65535,true,NaN,NaN,NaN,4294967295
13,32,65535,65535,65535,true,NaN,NaN,NaN,4294967295
13,33,65535,65535,65535,true,NaN,NaN,NaN,4294967295
13,34,65535,65535,65535,true,NaN,NaN,NaN,4294967295
13,35,65535,65535,65535,true,NaN,NaN,NaN,4294967295
13,36,65535,65535,65535,true,NaN,NaN,NaN,4294967295
13,37,65535,65535,65535,true,NaN,NaN,NaN,4294967295
13,38,65535,65535,65535,true,NaN,NaN,NaN,4294967295
13,39,65535,65535,65535,true,NaN,NaN,NaN,4294967295
13,40,65535,65535,65535,true,NaN,NaN,NaN,4294967295
13,41,65535,65535,65535,true,NaN,NaN,NaN,4294967295
13,42,65535,65535,65535,true,NaN,NaN,NaN,4294967295
13,43,65535,65535,65535,true,NaN,NaN,NaN,4294967295
13,44,65535,65535,65535,true,NaN,NaN,NaN,4294967295
13,45,65535,65535,65535,true,NaN,NaN,NaN,4294967295
13,46,65535,65535,65535,true,NaN,NaN,NaN,4294967295
13,47,65535,65535,65535,true,NaN,NaN,NaN,4294967295
13,48,65535,65535,65535,true,NaN,NaN,NaN,4294967295
13,49,65535,65535,65535,true,NaN,NaN,NaN,4294967295
13,50,65535,65535,65535,true,NaN,NaN,NaN,4294967295
13,51,65535,65535,65535,true,NaN,NaN,NaN,4294967295
13,52,65535,65535,65535,true,NaN,NaN,NaN,4294967295
13,53,65535,65535,65535,true,NaN,NaN,NaN,4294967295
13,54,65535,65535,65535,true,NaN,NaN,NaN,4294967295
13,55,65535,65535,65535,true,NaN,NaN,NaN,4294967295
13,56,65535,65535,65535,true,NaN,NaN,NaN,4294967295
13,57,65535,65535,65535,true,NaN,NaN,NaN,4294967295
13,58,65535,65535,65535,true,NaN,NaN,NaN,4294967295
13,59,65535,65535,65535,true,NaN,NaN,NaN,4294967295
13,60,65535,65535,65535,true,NaN,NaN,NaN,4294967295
13,61,65535,65535,65535,true,NaN,NaN,NaN,4294967295
13,62,65535,65535,65535,true,NaN,NaN,NaN,4294967295
13,63,65535,65535,65535,true,NaN,NaN,NaN,4294967295
13,64,65535,65535,65535,true,NaN,NaN,NaN,4294967295
13,65,65535,65535,65535,true,NaN,NaN,NaN,4294967295
13,66,65535,65535,65535,true,NaN,NaN,NaN,4294967295
13,67,65535,65535,65535,true,NaN,NaN,NaN,4294967295
13,68,65535,65535,65535,true,NaN,NaN,NaN,4294967295
13,69,65535,65535,65535,true,NaN,NaN,NaN,4294967295
13,70,65535,65535,65535,true,NaN,NaN,NaN,4294967295
13,71,65535,65535,65535,true,NaN,NaN,NaN,4294967295
13,72,65535,65535,65535,true,NaN,NaN,NaN,4294967295
13,73,65535,65535,65535,true,NaN,NaN,NaN,4294967295
13,74,65535,65535,65535,true,NaN,NaN,NaN,4294967295
13,75,65535,65535,65535,true,NaN,NaN,NaN,4294967295
13,76,65535,65535,65535,true,NaN,NaN,NaN,4294967295
13,77,65535,65535,65535,true,NaN,NaN,NaN,4294967295
13,78,65535,65535,65535,true,NaN,NaN,NaN,4294967295
13,79,65535,65535,65535,true,NaN,NaN,NaN,4294967295
13,80,65535,65535,65535,true,NaN,NaN,NaN,4294967295
13,81,65535,65535,65535,true,NaN,NaN,NaN,4294967295
13,82,65535,65535,65535,true,NaN,NaN,NaN,4294967295
13,83,65535,65535,65535,true,NaN,NaN,NaN,4294967295
13,84,65535,65535,65535,true,NaN,NaN,NaN,4294967295
13,85,65535,65535,65535,true,NaN,NaN,NaN,4294967295
13,86,65535,65535,65535,true,NaN,NaN,NaN,4294967295
13,87,65535,65535,65535,true,NaN,NaN,NaN,4294967295
13,88,65535,65535,65535,true,NaN,NaN,NaN,4294967295
13,89,65535,65535,65535,true,NaN,NaN,NaN,4294967295
13,90,65535,65535,65535,true,NaN,NaN,NaN,4294967295
13,91,65535,65535,65535,true,NaN,NaN,NaN,4294967295
13,92,65535,65535,65535,true,NaN,NaN,NaN,4294967295
13,93,65535,65535,65535,true,NaN,NaN,NaN,4294967295
13,94,65535,65535,65535,true,NaN,NaN,NaN,4294967295
13,95,65535,65535,65535,true,NaN,NaN,NaN,4294967295
13,96,65535,65535,65535,true,NaN,NaN,NaN,4294967295
13,97,65535,65535,65535,true,NaN,NaN,NaN,4294967295
13,98,65535,65535,65535,true,NaN,NaN,NaN,4294967295
13,99,65535,65535,65535,true,NaN,NaN,NaN,4294967295
13,100,65535,65535,65535,true,NaN,NaN,NaN,4294967295
13,101,65535,65535,65535,true,NaN,NaN,NaN,4294967295
13,102,65535,65535,65535,true,NaN,NaN,NaN,4294967295
13,103,65535,65535,65535,true,NaN,NaN,NaN,4294967295
13,104,65535,65535,65535,true,NaN,NaN,NaN,4294967295
13,105,65535,65535,65535,true,NaN,NaN,NaN,4294967295
13,106,65535,65535,65535,true,NaN,NaN,NaN,4294967295
13,107,65535,65535,65535,true,NaN,NaN,NaN,4294967295
13,108,65535,65535,65535,true,NaN,NaN,NaN,4294967295
13,109,65535,65535,65535,true,NaN,NaN,NaN,4294967295
13,110,65535,65535,65535,true,NaN,NaN,NaN,4294967295
13,111,65535,65535,65535,true,NaN,NaN,NaN,4294967295
13,112,65535,65535,65535,true,NaN,NaN,NaN,4294967295
13,113,65535,65535,65535,true,NaN,NaN,NaN,4294967295
13,114,65535,65535,65535,true,NaN,NaN,NaN,4294967295
13,115,65535,65535,65535,true,NaN,NaN,NaN,4294967295
13,116,65535,65535,65535,true,NaN,NaN,NaN,4294967295
13,117,65535,65535,65535,true,NaN,NaN,NaN,4294967295
13,118,65535,65535,65535,true,NaN,NaN,NaN,4294967295
13,119,65535,65535,65535,true,NaN,NaN,NaN,4294967295
13,120,65535,65535,65535,true,NaN,NaN,NaN,4294967295
13,121,65535,65535,65535,true,NaN,NaN,NaN,4294967295
13,122,65535,65535,65535,true,NaN,NaN,NaN,4294967295
13,123,65535,65535,65535,true,NaN,NaN,NaN,4294967295
13,124,65535,65535,65535,true,NaN,NaN,NaN,4294967295
13,125,65535,65535,65535,true,NaN,NaN,NaN,4294967295
13,126,65535,65535,65535,true,NaN,NaN,NaN,4294967295
13,127,65535,65535,65535,true,NaN,NaN,NaN,4294967295
14,0,65535,65535,65535,true,NaN,NaN,NaN,4294967295
14,1,65535,65535,65535,true,NaN,NaN,NaN,4294967295
14,2,65535,65535,65535,true,NaN,NaN,NaN,4294967295
14,3,65535,65535,65535,true,NaN,NaN,NaN,4294967295
14,4,65535,65535,65535,true,NaN,NaN,NaN,4294967295
14,5,65535,65535,65535,true,NaN,NaN,NaN,4294967295
14,6,65535,65535,65535,true,NaN,NaN,NaN,4294967295
14,7,65535,65535,65535,true,NaN,NaN,NaN,4294967295
14,8,65535,65535,65535,true,NaN,NaN,NaN,4294967295
14,9,65535,65535,65535,true,NaN,NaN,NaN,4294967295
14,10,65535,65535,65535,true,NaN,NaN,NaN,4294967295
14,11,65535,65535,65535,true,NaN,NaN,NaN,4294967295
14,12,65535,65535,65535,true,NaN,NaN,NaN,4294967295
14,13,65535,65535,65535,true,NaN,NaN,NaN,4294967295
14,14,65535,65535,65535,true,NaN,NaN,NaN,4294967295
14,15,65535,65535,65535,true,NaN,NaN,NaN,4294967295
14,16,65535,65535,65535,true,NaN,NaN,NaN,4294967295
14,17,65535,65535,65535,true,NaN,NaN,NaN,4294967295
14,18,65535,65535,65535,true,NaN,NaN,NaN,4294967295
14,19,65535,65535,65535,true,NaN,NaN,NaN,4294967295
14,20,65535,65535,65535,true,NaN,NaN,NaN,4294967295
14,21,65535,65535,65535,true,NaN,NaN,NaN,4294967295
14,22,65535,65535,65535,true,NaN,NaN,NaN,4294967295
14,23,65535,65535,65535,true,NaN,NaN,NaN,4294967295
14,24,65535,65535,65535,true,NaN,NaN,NaN,4294967295
14,25,65535,65535,65535,true,NaN,NaN,NaN,4294967295
14,26,65535,65535,65535,true,NaN,NaN,NaN,4294967295
14,27,65535,65535,65535,true,NaN,NaN,NaN,4294967295
14,28,65535,65535,65535,true,NaN,NaN,NaN,4294967295
14,29,65535,65535,65535,true,NaN,NaN,NaN,4294967295
14,30,65535,65535,65535,true,NaN,NaN,NaN,4294967295
14,31,65535,65535,65535,true,NaN,NaN,NaN,4294967295
14,32,65535,65535,65535,true,NaN,NaN,NaN,4294967295
14,33,65535,65535,65535,true,NaN,NaN,NaN,4294967295
14,34,65535,65535,65535,true,NaN,NaN,NaN,4294967295
14,35,65535,65535,65535,true,NaN,NaN,NaN,4294967295
14,36,65535,65535,65535,true,NaN,NaN,NaN,4294967295
14,37,65535,65535,65535,true,NaN,NaN,NaN,4294967295
14,38,65535,65535,65535,true,NaN,NaN,NaN,4294967295
14,39,65535,65535,65535,true,NaN,NaN,NaN,4294967295
14,40,65535,65535,65535,true,NaN,NaN,NaN,4294967295
14,41,65535,65535,65535,true,NaN,NaN,NaN,4294967295
14,42,65535,65535,65535,true,NaN,NaN,NaN,4294967295
14,43,65535,65535,65535,true,NaN,NaN,NaN,4294967295
14,44,65535,65535,65535,true,NaN,NaN,NaN,4294967295
14,45,65535,65535,65535,true,NaN,NaN,NaN,4294967295
14,46,65535,65535,65535,true,NaN,NaN,NaN,4294967295
14,47,65535,65535,65535,true,NaN,NaN,NaN,4294967295
14,48,65535,65535,65535,true,NaN,NaN,NaN,4294967295
14,49,65535,65535,65535,true,NaN,NaN,NaN,4294967295
14,50,65535,65535,65535,true,NaN,NaN,NaN,4294967295
14,51,65535,65535,65535,true,NaN,NaN,NaN,4294967295
14,52,65535,65535,65535,true,NaN,NaN,NaN,4294967295
14,53,65535,65535,65535,true,NaN,NaN,NaN,4294967295
14,54,65535,65535,65535,true,NaN,NaN,NaN,4294967295
14,55,65535,65535,65535,true,NaN,NaN,NaN,4294967295
14,56,65535,65535,65535,true,NaN,NaN,NaN,4294967295
14,57,65535,65535,65535,true,NaN,NaN,NaN,4294967295
14,58,65535,65535,65535,true,NaN,NaN,NaN,4294967295
14,59,65535,65535,65535,true,NaN,NaN,NaN,4294967295
14,60,65535,65535,65535,true,NaN,NaN,NaN,4294967295
14,61,65535,65535,65535,true,NaN,NaN,NaN,4294967295
14,62,65535,65535,65535,true,NaN,NaN,NaN,4294967295
14,63,65535,65535,65535,true,NaN,NaN,NaN,4294967295
14,64,65535,65535,65535,true,NaN,NaN,NaN,4294967295
14,65,65535,65535,65535,true,NaN,NaN,NaN,4294967295
14,66,65535,65535,65535,true,NaN,NaN,NaN,4294967295
14,67,65535,65535,65535,true,NaN,NaN,NaN,4294967295
14,68,65535,65535,65535,true,NaN,NaN,NaN,4294967295
14,69,65535,65535,65535,true,NaN,NaN,NaN,4294967295
14,70,65535,65535,65535,true,NaN,NaN,NaN,4294967295
14,71,65535,65535,65535,true,NaN,NaN,NaN,4294967295
14,72,65535,65535,65535,true,NaN,NaN,NaN,4294967295
14,73,65535,65535,65535,true,NaN,NaN,NaN,4294967295
14,74,65535,65535,65535,true,NaN,NaN,NaN,4294967295
14,75,65535,65535,65535,true,NaN,NaN,NaN,4294967295
14,76,65535,65535,65535,true,NaN,NaN,NaN,4294967295
14,77,65535,65535,65535,true,NaN,NaN,NaN,4294967295
14,78,65535,65535,65535,true,NaN,NaN,NaN,4294967295
14,79,65535,65535,65535,true,NaN,NaN,NaN,4294967295
14,80,65535,65535,65535,true,NaN,NaN,NaN,4294967295
14,81,65535,65535,65535,true,NaN,NaN,NaN,4294967295
14,82,65535,65535,65535,true,NaN,NaN,NaN,4294967295
14,83,65535,65535,65535,true,NaN,NaN,NaN,4294967295
14,84,65535,65535,65535,true,NaN,NaN,NaN,4294967295
14,85,65535,65535,65535,true,NaN,NaN,NaN,4294967295
14,86,65535,65535,65535,true,NaN,NaN,NaN,4294967295
14,87,65535,65535,65535,true,NaN,NaN,NaN,4294967295
14,88,65535,65535,65535,true,NaN,NaN,NaN,4294967295
14,89,65535,65535,65535,true,NaN,NaN,NaN,4294967295
14,90,65535,65535,65535,true,NaN,NaN,NaN,4294967295
14,91,65535,65535,65535,true,NaN,NaN,NaN,4294967295
14,92,65535,65535,65535,true,NaN,NaN,NaN,4294967295
14,93,65535,65535,65535,true,NaN,NaN,NaN,4294967295
14,94,65535,65535,65535,true,NaN,NaN,NaN,4294967295
14,95,65535,65535,65535,true,NaN,NaN,NaN,4294967295
14,96,65535,65535,65535,true,NaN,NaN,NaN,4294967295
14,97,65535,65535,65535,true,NaN,NaN,NaN,4294967295
14,98,65535,65535,65535,true,NaN,NaN,NaN,4294967295
14,99,65535,65535,65535,true,NaN,NaN,NaN,4294967295
14,100,65535,65535,65535,true,NaN,NaN,NaN,4294967295
14,101,65535,65535,65535,true,NaN,NaN,NaN,4294967295
14,102,65535,65535,65535,true,NaN,NaN,NaN,4294967295
14,103,65535,65535,65535,true,NaN,NaN,NaN,4294967295
14,104,65535,65535,65535,true,NaN,NaN,NaN,4294967295
14,105,65535,65535,65535,true,NaN,NaN,NaN,4294967295
14,106,65535,65535,65535,true,NaN,NaN,NaN,4294967295
14,107,65535,65535,65535,true,NaN,NaN,NaN,4294967295
14,108,65535,65535,65535,true,NaN,NaN,NaN,4294967295
14,109,65535,65535,65535,true,NaN,NaN,NaN,4294967295
14,110,65535,65535,65535,true,NaN,NaN,NaN,4294967295
14,111,65535,65535,65535,true,NaN,NaN,NaN,4294967295
14,112,65535,65535,65535,true,NaN,NaN,NaN,4294967295
14,113,65535,65535,65535,true,NaN,NaN,NaN,4294967295
14,114,65535,65535,65535,true,NaN,NaN,NaN,4294967295
14,115,65535,65535,65535,true,NaN,NaN,NaN,4294967295
14,116,65535,65535,65535,true,NaN,NaN,NaN,4294967295
14,117,65535,65535,65535,true,NaN,NaN,NaN,4294967295
14,118,65535,65535,65535,true,NaN,NaN,NaN,4294967295
14,119,65535,65535,65535,true,NaN,NaN,NaN,4294967295
14,120,65535,65535,65535,true,NaN,NaN,NaN,4294967295
14,121,65535,65535,65535,true,NaN,NaN,NaN,4294967295
14,122,65535,65535,65535,true,NaN,NaN,NaN,4294967295
14,123,65535,65535,65535,true,NaN,NaN,NaN,4294967295
14,124,65535,65535,65535,true,NaN,NaN,NaN,4294967295
14,125,65535,65535,65535,true,NaN,NaN,NaN,4294967295
14,126,65535,65535,65535,true,NaN,NaN,NaN,4294967295
14,127,65535,65535,65535,true,NaN,NaN,NaN,4294967295
